name,price,availability
Delmonte Pinapple Slice Tin 432GM,605.000,In Stock
NATIONAL MANGO CUSTARD POWDER,90.000,In Stock
NATIONAL VANILLA CUSTARD POWDER,90.000,In Stock
NATIONAL VANILLA CUSTARD POWDER,180.000,In Stock
HAPPY HOME VANILLA CUSTARD POWDER,150.000,In Stock
HAPPY HOME MANGO PUDDING MIX,100.000,In Stock
HAPPY HOME CRYSTAL ORANGE JELLY MIX,100.000,In Stock
HAPPY HOME CRYSTAL RASPBERRY JELLY MIX,100.000,In Stock
HAPPY HOME CRYSTAL BANANA JELLY MIX,100.000,In Stock
Burhani C-Zun Rose Syrup 800ML,252.000,In Stock
Burhani C-Zun Blue Barry Syrup800ML,278.000,In Stock
Burhani C-Zun Ice Cream Syrup 800ML,252.000,In Stock
HAPPY HOME STRAWBERRY LAB E SHEREEN,145.000,In Stock
Fruitamins Broken Pineapple Slice,495.000,In Stock
Fruitamins Fruit Cocktail Tin,575.000,In Stock
Fruitamins Fruit Cocktail Tin,355.000,In Stock
Laziza Vermicelli Kheer Mix,136.000,In Stock
Laziza Pistachio Rasmalai Mix,220.000,In Stock
Laziza Gajar Kheer Mix,136.000,In Stock
Laziza Doodh Dullari Dessert Mix,220.000,In Stock
Laziza Almond Rasmalai Mix,220.000,In Stock
Laziza Almond Original Kheer Mix,135.000,In Stock
Happy Home Jelly Falooda Mix,163.000,In Stock
Happy Home Firni Mix,63.000,In Stock
SANTAN COCONUT MILK POWDER,1100.000,In Stock
ROSSMOOR INSTANT COCONUT MILKPOWDER,205.000,In Stock
RAFHAN CHOCOLATE CUSTARD,130.000,In Stock
NATIONAL VANILLA CUSTARD POWDER,90.000,In Stock
NATIONAL MANGO CUSTARD POWDER,90.000,In Stock
NATIONAL VANILLA CUSTARD POWDER,180.000,In Stock
NATIONAL CRYSTAL STRAWBERRY JELLY MIX,135.000,In Stock
LAZIZA RABRI FALOODA MIX,205.000,In Stock
Happy Home Egg Pudding Mix,100.000,In Stock
ITALIANO VANILLA & CHOCOLATE CHIP RECIPE MIX BOX,197.000,In Stock
ITALIANO PLAIN CHOCOLATE CHIPRECIPE MIX BOX,197.000,In Stock
HAPPY HOME CHINA GRASS ASSORTED,100.000,In Stock
HAPPY HOME CRYSTAL STRAWBERRYJELLY MIX,100.000,In Stock
HAPPY HOME SHEER KHURMA MIX,160.000,In Stock
HAPPY HOME KHEER RICE PUDDING MIX,125.000,In Stock
HAPPY HOME RABRI FALOODA MIX,145.000,In Stock
HAPPY HOME VANILLA LAB E SHEREEN,145.000,In Stock
HAPPY HOME PINEAPPLE LAB E SHEREEN,145.000,In Stock
Laziza Standard Rasmalai Mix,220.000,In Stock
Italiano Pound Cake Mix Box,428.000,In Stock
Italiano Marble Cake Mix Box,428.000,In Stock
Laziza Kulfa Khoya Badami Dessert Mix,220.000,In Stock
Happy Home Chocolate Flavour Dessert Mix,115.000,In Stock
Happy Home Caramel Pudding Mix,100.000,In Stock
Happy Home Crystal Blue Berry Jelly Mix,100.000,In Stock
Rafhan Mango Jelly Mix,149.000,In Stock
Laziza Jelly Falooda Mix,220.000,In Stock
Laziza Gulab Jamun Mix,220.000,In Stock
Laziza Pistachio Kheer Mix,136.000,In Stock
Italiano Dark Cooking Chocolate,327.000,In Stock
Rafhan Banana Custard Powder,170.000,In Stock
Rafhan Mango Custard Powder,180.000,In Stock
Rafhan Strawberry Custard Powder,170.000,In Stock
Laziza Saffron Sheer Khurma Mix,220.000,In Stock
Salmans Strawberry Topping Syrup,570.000,In Stock
Rafhan Vanilla Custard Powder,175.000,In Stock
Rafhan Strawberry Jelly Mix,149.000,In Stock
Rafhan Egg Pudding Mix,150.000,In Stock
Rafhan Banana Jelly Mix,149.000,In Stock
Betty Crocker S/m Dark Chocolate Cake Mix,754.000,In Stock
Happy Home Crystal Pineapple Jelly Mix,100.000,In Stock
Mehran Zafran Kheer Mix,110.000,In Stock
Mehran Strawberry Jelly Falooda Dessert Mix,155.000,In Stock
Mehran Sheer Khurma Mix,155.000,In Stock
Mehran Shahi Tukra Dessert Mix,145.000,In Stock
Mehran Kheer Mix,110.000,In Stock
Mehran Firni Mix,110.000,In Stock
Mehran Doodh Dulari Dessert Mix,155.000,In Stock
Betty Crocker S/m Vanila Cake Mix,754.000,In Stock
Betty Crocker S/m Milk Chocolate Cake Mix,754.000,In Stock
Laziza Standard Kheer Mix,136.000,In Stock
Betty Crocker S/m Chocolate Fudge Cake Mix,754.000,In Stock
Betty Crocker Dark Chocolate Fudge Brownie Mix,810.000,In Stock
Betty Crocker Chocolate Fudge Brownie Mix,810.000,In Stock
Betty Crocker Chocolate Chip Cookies Mix,1050.000,In Stock
Betty Crocker Butter Milk Pancake Mix,1223.000,In Stock
Italiano White Chocolate Chip Recipe Mix Box,197.000,In Stock
Italiano Chocolate Pudding Mix,100.000,In Stock
Italiano Fudge Dark Chocolate,428.000,In Stock
Italiano Original Pancake Mix Box,428.000,In Stock
FAUJI FIT O-FIBER CEREAL,650.000,In Stock
FAUJI CHOCOLATE STAR CEREAL,715.000,In Stock
FAUJI RICE FLAKES,440.000,In Stock
FAUJI FROOTOOZ CEREAL,760.000,In Stock
FAUJI CHOCOLATE POPS CEREAL,715.000,In Stock
FAUJI CHOCOLATE RINGS CEREAL,715.000,In Stock
FAUJI FROSTED FLAKES,665.000,In Stock
FAUJI CHOCOLATE CUPS CEREAL,718.000,In Stock
FAUJI MANGO CORN FLAKES,565.000,In Stock
FAUJI STRAWBERRY CORN FLAKES,445.000,In Stock
FAUJI CHOCO CHUKIES CEREAL,730.000,In Stock
FAUJI BRAN FLAKES CEREAL,725.000,In Stock
FAUJI BARLEY PORRIDGE,900.000,In Stock
FAUJI CORN FLAKES BANANA,375.000,In Stock
FAUJI ALMOND & CASHEW NUTS TALBEENA,305.000,In Stock
MINGALS CHOCO BITES CEREAL,456.000,In Stock
MINGALS CHOCOLATE FILLED CRUNCH CEREAL,456.000,In Stock
MINGALS CHOCO BALLS CEREAL,460.000,In Stock
MINGALS CHOCO BITES,165.000,In Stock
MINGALS CHOCO BALLS,165.000,In Stock
MINGALS CHOCOLATE FILLED CRUNCH,165.000,In Stock
NESTLE TRIX 6 FRUITY SHAPES CEREAL,840.000,In Stock
Fauji Corn Flakes,380.000,In Stock
Nestle Koko Krunch Cereal,1310.000,In Stock
Nestle Koko Krunch Cereal,340.000,In Stock
Quaker Brown Oats Porridge Cereal Tin,725.000,In Stock
Weetabix Original Biscuits Cereal 12 Pcs,773.000,In Stock
Fauji Barley Porridge Cereal,168.000,In Stock
Fauji Corn Flakes,655.000,In Stock
Fauji Wheat Porridge Cereal,172.000,In Stock
Dawn Rusk,135.000,In Stock
Fauji Barley Porridge Cereal,259.000,In Stock
Fauji Choco Corn Flakes,469.000,In Stock
Kelloggs Corn Flakes Cereal (U),1999.000,In Stock
Fauji Honey Corn Flakes,469.000,In Stock
Fauji Muesli Nut & Fruit Cereal,580.000,In Stock
Fauji Wheat Flakes,395.000,In Stock
Nestle Koko Crunch Duo Cereal,1135.000,In Stock
Nestle Koko Krunch Cereal,730.000,In Stock
Nestle Koko Krunch Cereal,1699.000,In Stock
Nestle Milo Cereal,1299.000,In Stock
Nestle Milo Cereal,1690.000,In Stock
Nestle Milo Cereal Pouch,335.000,In Stock
Weetabix Original Biscuits Cereal,1507.000,In Stock
Chase Up Anar Dana Spices,75.000,In Stock
Chase Up Aaloo Bukhara Spices,130.000,In Stock
Chase Up Badian Phool Spices,70.000,In Stock
Chase Up Big Elaichi,220.000,In Stock
Chase Up Black Pepper Powder Spices,110.000,In Stock
Chase Up Black Whole Zeera,165.000,In Stock
Chase Up Cloves Spices,260.000,In Stock
Chase Up Garam Masala Whole Spices,310.000,In Stock
Chase Up Cinnamon Stick Spices,135.000,In Stock
Chase Up Jaifal Spices,135.000,In Stock
Alif Red Chili Powder Spices,210.000,In Stock
Chase Up Garam Masala Powder Spices,275.000,In Stock
Chase Up Red Chilli Cutter Spices,155.000,In Stock
Chase Up Sagu Dana,140.000,In Stock
Alif Haldi Powder Spices,75.000,In Stock
Chase Up Imlee,125.000,In Stock
Chase Up Small Cardamom,170.000,In Stock
Chase Up Sounf,295.000,In Stock
Chase Up Tukh Malanga Spices,55.000,In Stock
Chase Up Jawatri Spices,95.000,In Stock
Chase Up White Till,115.000,In Stock
Chase Up White Whole Zeera,310.000,In Stock
Chase Up Whole Kolongi Spices,48.000,In Stock
Chase Up Zeera Powder,125.000,In Stock
Chase Up Powder Coconut,145.000,In Stock
Chase Up Whole Black Pepper Spices,95.000,In Stock
Chase Up Whole Coriander Spices,135.000,In Stock
Chase Up Premium Coriander Powder Spices,75.000,In Stock
Chaseup Methi Dana Spices,75.000,In Stock
Chaseup Zarda Color,35.000,In Stock
Chaseup Red Whole Chilli Spices,175.000,In Stock
Chaseup Whole Ajwain Spices,45.000,In Stock
Chaseup Soda Powder,25.000,In Stock
Chaseup Chat Masala,45.000,In Stock
CHASEUP CHINA GRASS,135.000,In Stock
CHASEUP COCONUT WHOLE,219.000,In Stock
CHASEUP CORIANDER POWDER SPICES 200GM HAMPER,75.000,In Stock
MEHRAN PAYA MASALA,120.000,In Stock
MEHRAN CHICKEN MASALA D/PACK,230.000,In Stock
MEHRAN KARAHI GOSHT MASALA D/PACK,230.000,In Stock
MEHRAN NIHARI MASALA D/PACK,230.000,In Stock
MEHRAN KOFTA MASALA,120.000,In Stock
MEHRAN CHICKEN TIKKA MASAL,120.000,In Stock
MEHRAN TANDOORI CHICKEN MASALA,120.000,In Stock
MEHRAN SEEKH KABAB MASALA,120.000,In Stock
MEHRAN CHAT MASALA,90.000,In Stock
MEHRAN CHICKEN BROAST MASALA,120.000,In Stock
NATIONAL DEHLI NEHARI MASALA KARACHI KHAAS,115.000,In Stock
MEHRAN CHICKEN BROAST MASALA,120.000,In Stock
MEHRAN CHAT MASALA,90.000,In Stock
MEHRAN SEEKH KABAB MASALA,120.000,In Stock
MEHRAN TANDOORI CHICKEN MASALA,120.000,In Stock
MEHRAN CHICKEN TIKKA MASAL,120.000,In Stock
MEHRAN KOFTA MASALA,120.000,In Stock
MEHRAN NIHARI MASALA D/PACK,230.000,In Stock
MEHRAN KARAHI GOSHT MASALA D/PACK,230.000,In Stock
MEHRAN CHICKEN MASALA D/PACK,230.000,In Stock
FRESH MATE CHATPATA RAITA MASALA,260.000,In Stock
FALAK OREGANO LEAVES SPICES,160.000,In Stock
FALAK BLACK PEPPER POWDER SPICES,360.000,In Stock
FALAK DAHI BARA MASALA,225.000,In Stock
FALAK CHILLI GARLIC PINK SALT,445.000,In Stock
FALAK TEXAS BURGER SPICES,270.000,In Stock
FALAK NEW YORK STEAK,270.000,In Stock
FALAK PEPPECRORN MEDLEY,725.000,In Stock
FALAK THYME LEAVES,160.000,In Stock
FRESH MATE ZEERA RAITA MASALA,270.000,In Stock
KNORR CHICKEN RECIPE CUBES,408.000,In Stock
ITALIANO CAJUN SEASONING POWDER SPICES BOTTLE,490.000,In Stock
KNORR CHICKEN PULAO CUBE,410.000,In Stock
ITALIANO CREAM OF TARTAR POWDER SPICES BOTTLE,332.000,In Stock
KNORR CHICKEN SOUP STOCK JAR,3040.000,In Stock
NATIONAL BIRYANI MASALA,115.000,In Stock
NATIONAL BROAST MASALA,115.000,In Stock
NATIONAL DEHLI NEHARI MASALA KARACHI KHAAS,115.000,In Stock
NATIONAL KARAHI GOSHT MASALA KARACHI KHAAS,115.000,In Stock
SHAN QORMA MASALA MONTHLY PACK,395.000,In Stock
SHAN HUNTER BEEF MASALA,105.000,In Stock
SHAN ACHAR GOSHT MASALA D/PACK,230.000,In Stock
SHAN CHICKEN MASALA D/PACK,230.000,In Stock
SHAN KARACHI BEEF BIRYANI MASALA,120.000,In Stock
SHAN FISH MASALA D/PACK,230.000,In Stock
SHAN PAYA MASALA D/PACK,230.000,In Stock
SHAN BRAIN MASALA,120.000,In Stock
SHAN BOMBAY BIRYANI MASALA MONTLY PACK,435.000,In Stock
SHAN BIRYANI MASALA MONTHLY PACK,395.000,In Stock
CHASEUP RED CHILLI KASHMIRI WHOLE,199.000,In Stock
National Garlic Powder Spices,116.000,In Stock
NATIONAL CHICKEN TIKKA MASALA,105.000,In Stock
SELANI TURMERIC POWDER SPICES,95.000,In Stock
CHASEUP (G) PHOOL MAKHANA ( LOTUS SEEDS ),139.000,In Stock
SHAN KARAHI MASALA MONTHLY PACK,440.000,In Stock
SHAN TIKA BOTI MASALA D/PACK,230.000,In Stock
SHAN NIHARI MASALA MONTHLY PACK,440.000,In Stock
SHAN TAZA DHANIA POWDER SPICES,75.000,In Stock
CHASEUP QASURI METHI,59.000,In Stock
Shan Vegetable Masala,95.000,In Stock
Shan Nihari Masala D/pack,189.000,In Stock
Shan Khalis Haldi Powder Spices,90.000,In Stock
Shan Pilau Biryani Masala D/pack,189.000,In Stock
Shan Sindhi Biryani Masala D/pack,189.000,In Stock
Shan Karahi Fry Gosht Masala D/pack,189.000,In Stock
Dashi Chicken Recipe Powder,17.000,In Stock
Shan Biryani Masala D/pack,189.000,In Stock
Shan Meat Tenderizer Powder,85.000,In Stock
Shan Chicken Tikka Masala D/pack,189.000,In Stock
Shan Tandoori Masala D/pack,189.000,In Stock
Shan Haleem Masala D/pack,189.000,In Stock
Shan Qorma Masala D/pack,189.000,In Stock
National Turmeric Powder Spices,90.000,In Stock
Shan Chat Masala,99.000,In Stock
Shan Murgh Cholay Masala,95.000,In Stock
Italiano Tarragon Herbs Bottle,346.000,In Stock
Italiano Parsley Flakes Leaves Bottle,265.000,In Stock
Italiano Rosemary Leaves Bottle,168.000,In Stock
Italiano Thyme Leaves Bottle,168.000,In Stock
Italiano Cardamom Powder Spices Bottle,428.000,In Stock
Italiano Cinnamon Powder Spices Bottle,226.000,In Stock
Italiano Jaifal Nutmeg Powder Spices Bottle,370.000,In Stock
Italiano Onion Powder Spices Bottle,284.000,In Stock
Italiano Salt & Pepper Powder Spices Bottle,212.000,In Stock
Italiano White Pepper Spices Bottle,399.000,In Stock
Italiano Orange Peel Powder Bottle,197.000,In Stock
Italiano Paprika Powder Spices Bottle,322.000,In Stock
Italiano Unseasoned Meat Tenderizer Spices Bottle,168.000,In Stock
National Black Pepper Powder Spices,97.000,In Stock
National Corriander Powder Spices,195.000,In Stock
Mehran Basil Leaves Jar,195.000,In Stock
Mehran Coriander Powder Spices,310.000,In Stock
Mehran Cumin Powder Spices,90.000,In Stock
Mehran Curry Powder Spices,120.000,In Stock
Mehran Curry Powder Spices,40.000,In Stock
Mehran Garam Masala Spices,120.000,In Stock
Mehran Oregano Leaves Jar,195.000,In Stock
Mehran Red Chilli Powder Spices,190.000,In Stock
Mehran Red Chilli Powder Spices,365.000,In Stock
Mehran Thyme Leaves Jar,195.000,In Stock
Shan Shami Kabab Masala D/pack,189.000,In Stock
National Qasuri Methi,54.000,In Stock
NATIONAL FRUIT CHAT MASALA BOX,49.000,In Stock
NATIONAL KARACHI KHAAS BOMBAYBIRYANI MASALA,105.000,In Stock
NATIONAL KARACHI KHAAS BOMBAYBIRYANI MASALA D/PACK,210.000,In Stock
NATIONAL ZAIQAYDAAR SABZI GOSHT RECIPE MIX,44.000,In Stock
NATIONAL DAIGHI DANEDAR HALEEMMASALA MIX RECIPE,320.000,In Stock
Master Chef Fried Onion Pouch,360.000,In Stock
Shangrila Apple Cider Vinegar 485ML,330.000,In Stock
DASHI CHICKEN RECIPE POWDER JAR,775.000,In Stock
DASHI CHICKEN RECIPE POWDER,106.000,In Stock
DASHI CHICKEN RECIPE POWDER,775.000,In Stock
FALAK PERI PERI SEASONING SPICES,325.000,In Stock
FALAK MEAT TENDERIZER POWDER,215.000,In Stock
FALAK OREGANO LEAVES SPICES,160.000,In Stock
FALAK PAPRIKA POWDER SPICES,360.000,In Stock
FALAK BLACK PEPPER POWDER SPICES,360.000,In Stock
FALAK DAHI BARA MASALA,225.000,In Stock
FALAK CHILLI GARLIC PINK SALT,445.000,In Stock
FALAK TEXAS BURGER SPICES,270.000,In Stock
FALAK NEW YORK STEAK,270.000,In Stock
FALAK PEPPECRORN MEDLEY,725.000,In Stock
FALAK THYME LEAVES,160.000,In Stock
FRESH MATE ZEERA RAITA MASALA,270.000,In Stock
FRESH MATE CHATPATA RAITA MASALA,260.000,In Stock
FRESH MATE ARABIC DUKKAH RAITAMASALA,260.000,In Stock
FRESH MATE SEASONING CHILLI GARLIC MASALA JAR,260.000,In Stock
FRESH MATE SEASONING SOUR CREAM ONION MASALA JAR,260.000,In Stock
ITALIANO CREAM OF TARTAR POWDER SPICES BOTTLE,332.000,In Stock
ITALIANO CAJUN SEASONING POWDER SPICES BOTTLE,490.000,In Stock
KNORR CHICKEN PULAO CUBE,410.000,In Stock
KNORR CHICKEN RECIPE CUBES,408.000,In Stock
KNORR CHICKEN SOUP STOCK JAR,3040.000,In Stock
MEHRAN BOMBAY BIRYANI MASALA D/PACK,230.000,In Stock
MEHRAN CHICKEN MASALA D/PACK,230.000,In Stock
MEHRAN KARAHI GOSHT MASALA D/PACK,230.000,In Stock
MEHRAN NIHARI MASALA D/PACK,230.000,In Stock
MEHRAN KOFTA MASALA,120.000,In Stock
MEHRAN CHICKEN TIKKA MASAL,120.000,In Stock
MEHRAN TANDOORI CHICKEN MASALA,120.000,In Stock
MEHRAN SEEKH KABAB MASALA,120.000,In Stock
MEHRAN CHAT MASALA,90.000,In Stock
MEHRAN CHICKEN BROAST MASALA,120.000,In Stock
MEHRAN PAYA MASALA,120.000,In Stock
MEHRAN TIKKA BIRYANI MASALA,120.000,In Stock
MEHRAN TIKKA KARAHI MASALA,120.000,In Stock
MEHRAN TIKKA BIRYANI MASALA D/PACK,230.000,In Stock
MEHRAN TIKKA KARAHI MASALA D/PACK,230.000,In Stock
NATIONAL GARAM MASALA POWDER SPICES,135.000,In Stock
NATIONAL BIRYANI MASALA,115.000,In Stock
NATIONAL BROAST MASALA,115.000,In Stock
NATIONAL DEHLI NEHARI MASALA KARACHI KHAAS,115.000,In Stock
NATIONAL KARAHI GOSHT MASALA KARACHI KHAAS,115.000,In Stock
NATIONAL KOFTA MASALA,115.000,In Stock
NATIONAL MURGHI MASALA,115.000,In Stock
NATIONAL QORMA MASALA KARACHIKHAAS,115.000,In Stock
NATIONAL SHAMI KABAB MASALA,115.000,In Stock
NATIONAL SINDHI BIRYANI MASALA,115.000,In Stock
NATIONAL TANDOORI CHICKEN MASALA,115.000,In Stock
NATIONAL ACHAR GOSHT MASALA D/PACK KARACHI KHASS,225.000,In Stock
NATIONAL BIRYANI MASALA D/PACK,225.000,In Stock
NATIONAL FISH MASALA D/PACK,225.000,In Stock
NATIONAL QORMA MASALA D/PACK KARACHI KHAAS,220.000,In Stock
NATIONAL ACHAR GOSHT MASALA KARACHI KHAAS,115.000,In Stock
NATIONAL PULAO MASALA,115.000,In Stock
NATIONAL CHAT MASALA BOX,95.000,In Stock
NATIONAL CHAT MASALA BOX,150.000,In Stock
ROSSMOOR WHITE PEPPER SPICES BOTTLE,200.000,In Stock
SHAN ZAFARANI GARAM MASALA SPICES,137.000,In Stock
SHAN TEEKHI KALI MIRCH SPICE,90.000,In Stock
SHAN TEZ LAL MIRCH POWDER SPICES,200.000,In Stock
SHAN TEZ LAAL MIRCH SPICES,100.000,In Stock
SHAN TAZA DHANIA POWDER SPICES,75.000,In Stock
SHAN HUNTER BEEF MASALA,105.000,In Stock
SHAN ACHAR GOSHT MASALA D/PACK,230.000,In Stock
SHAN CHICKEN MASALA D/PACK,230.000,In Stock
SHAN KARACHI BEEF BIRYANI MASALA,120.000,In Stock
SHAN FISH MASALA D/PACK,230.000,In Stock
SHAN PAYA MASALA D/PACK,230.000,In Stock
SHAN BRAIN MASALA,120.000,In Stock
SHAN BOMBAY BIRYANI MASALA MONTLY PACK,435.000,In Stock
SHAN BIRYANI MASALA MONTHLY PACK,395.000,In Stock
SHAN QORMA MASALA MONTHLY PACK,395.000,In Stock
SHAN TIKA BOTI MASALA D/PACK,230.000,In Stock
SHAN NIHARI MASALA MONTHLY PACK,440.000,In Stock
SHAN KARAHI MASALA MONTHLY PACK,440.000,In Stock
CHASEUP QASURI METHI,59.000,In Stock
CHASEUP RED CHILLI KASHMIRI WHOLE,199.000,In Stock
CHASEUP (G) PHOOL MAKHANA ( LOTUS SEEDS ),139.000,In Stock
SELANI TURMERIC POWDER SPICES,95.000,In Stock
NATIONAL CHICKEN TIKKA MASALA,105.000,In Stock
National Garlic Powder Spices,116.000,In Stock
Chase Up Long D/w Bar,60.000,In Stock
Chaseup Lemon Liquid Dish Wash,210.000,In Stock
Chaseup Orange Liquid Dish Wash,210.000,In Stock
Chaseup Mint Liquid Dish Wash,210.000,In Stock
Vim Lemon D/w Liquid,430.000,In Stock
Lemon Max L/f D/w Liquid Bottle,255.000,In Stock
Lemon Max a/b D/w Powder Poly Bag,175.000,In Stock
Lemon Max D/w Powder P/p Bottle,125.000,In Stock
Lemon Max D/w Powder With Bleach,170.000,In Stock
VIM LEMON LONG D/W BAR TWIN PACK 230GM,145.000,In Stock
VIM LEMON D/W LIQUID POUCH,529.000,In Stock
VIM LEMON D/W POWDER POLY BAG,145.000,In Stock
LEMON MAX D/W BAR,75.000,In Stock
SUFI SAFON D/W BAR TWIN PACK,129.000,In Stock
LEMON MAX ANTIBACTERIAL D/W LIQUID POUCH,275.000,In Stock
LEMON MAX ULTRA GREEN D/W LIQUID,445.000,In Stock
LEMON MAX YELLOW PASTE,399.000,In Stock
LEMON MAX GREEN PASTE,399.000,In Stock
SUFI SAFON D/W POWDER JAR,107.000,In Stock
AZADI D/W BAR,14.000,In Stock
EXPRESS POWER DETERGENT BAR,67.000,In Stock
Lemon Max Long D/w Bar Twin Pack,120.000,In Stock
Lemon Max D/w Liquid Bottle,160.000,In Stock
Lemon Max D/w Liquid Pouch,199.000,In Stock
Lemon Max D/w Liquid Bottle,249.000,In Stock
Vim Lemon D/w Powder Poly Bag,77.000,In Stock
Lemon Max D/w Bar,24.000,In Stock
Lemon Max a/b D/w Liquid Bottle,295.000,In Stock
Lemon Max Green D/w Paste,139.000,In Stock
Lemon Max Yellow D/w Paste,139.000,In Stock
Vim Lemon D/w Bar,24.000,In Stock
Vim Lemon D/w Liquid,259.000,In Stock
Lemon Max Long D/w Bar,62.000,In Stock
Lemon Max D/w Bar,63.000,In Stock
Lemon Max D/w Bar,39.000,In Stock
Lemon Max D/w Powder Poly Bag,81.000,In Stock
Lemon Max D/w Powder Poly Bag,155.000,In Stock
Lemon Max Green D/w Paste,235.000,In Stock
Lemon Max Yellow D/w Paste,235.000,In Stock
Vim Lemon D/w Bar,73.000,In Stock
Lemon Max a/b D/w Liquid Bottle,395.000,In Stock
Lemon Max D/w Liquid Bottle,370.000,In Stock
FIGARO PLAIN GREEN OLIVES,1185.000,In Stock
The Natural Swat Honey Jar,240.000,In Stock
DELMONTE SLICED BLACK OLIVES,985.000,In Stock
DELMONTE FRUIT COCKTAIL,2500.000,In Stock
DELMONTE TIDBITS PINEAPPLE,780.000,In Stock
DELMONTE FRUIT COCKTAIL,865.000,In Stock
DELMONTE PINEAPPLE SLICE,1005.000,In Stock
DELMONTE NATA DE COCO COCONUTTIN,399.000,In Stock
FIGARO SLICED BLACK OLIVES,1040.000,In Stock
FIGARO PITTED BLACK OLIVES,1250.000,In Stock
The Natural Swat Honey Jar,740.000,In Stock
FIGARO STUFFED GREEN OLIVES,2630.000,In Stock
FIGARO STUFFED GREEN OLIVES,1210.000,In Stock
FIGARO SLICED GREEN OLIVES,1040.000,In Stock
FIGARO PITTED GREEN OLIVES,1250.000,In Stock
FIGARO STUFFED GREEN OLIVES,950.000,In Stock
POLAC FRUIT COCKTAIL TIN,685.000,In Stock
POLAC FRUIT COCKTAIL TIN,335.000,In Stock
POLAC FRUIT COCKTAIL TIN,2265.000,In Stock
POLAC WHOLE CORN TIN,299.000,In Stock
Figaro Plain Green Olives,2500.000,In Stock
Figaro Sliced Green Olives,1450.000,In Stock
Figaro Stuffed Green Olives,1040.000,In Stock
Polac Broken Pineapple Slice Tin,480.000,In Stock
Polac Fruit Cocktail Tin,575.000,In Stock
Figaro Sliced Black Olives,2350.000,In Stock
Polac Pineapple Slice Tin,540.000,In Stock
Mitchells Chick Peas Tin,390.000,In Stock
Mitchells Garden Peas Tin,300.000,In Stock
Mitchells Chick Peas Tin,555.000,In Stock
Figaro Sliced Black Olives,1450.000,In Stock
Figaro Plain Black Olives,2500.000,In Stock
Delmonte Pineapple Slice Tin,780.000,In Stock
Figaro Sliced Green Olives,2450.000,In Stock
Figaro Pitted Green Olives,1550.000,In Stock
Delmonte Tidbits Pineapple Tin,605.000,In Stock
Figaro Pitted Black Olives,1585.000,In Stock
Delmonte Fruit Cocktail Tin,620.000,In Stock
Delmonte Whole Kernel Corn Tin,505.000,In Stock
The Natural Swat Honey Jar,410.000,In Stock
Mon Salwa French Fries,712.000,In Stock
Opa Flavorful 4 Way Mixed Vegetables,385.000,In Stock
Opa Plum Green Peas Pouch,518.000,In Stock
AK SUPER SWEET FROZEN CORN,695.000,In Stock
CHASE UP (G) VEGETABLE SPRINGROLL,435.000,In Stock
MON SALWA VEGE BURGER PATTIES,365.000,In Stock
MON SALWA VEGE NUGGETS,358.000,In Stock
MON SALWA CRISPY POTATO NUGGETS,515.000,In Stock
OPA CRINKLE FRENCH FRIES POUCH,380.000,In Stock
OPA PLUMP GREEN PEAS,335.000,In Stock
OPA GOLDEN SWEET CORN,335.000,In Stock
OPA JUICY STRAWBERRIES,475.000,In Stock
OPA DELICIOUS MANGOES,289.000,In Stock
OPA POTATO BITES,720.000,In Stock
Delmonte Pinapple Slice Tin 432GM,605.000,In Stock
NATIONAL MANGO CUSTARD POWDER,90.000,In Stock
NATIONAL VANILLA CUSTARD POWDER,90.000,In Stock
NATIONAL VANILLA CUSTARD POWDER,180.000,In Stock
HAPPY HOME VANILLA CUSTARD POWDER,150.000,In Stock
HAPPY HOME MANGO PUDDING MIX,100.000,In Stock
HAPPY HOME CRYSTAL ORANGE JELLY MIX,100.000,In Stock
HAPPY HOME CRYSTAL RASPBERRY JELLY MIX,100.000,In Stock
HAPPY HOME CRYSTAL BANANA JELLY MIX,100.000,In Stock
Burhani C-Zun Rose Syrup 800ML,252.000,In Stock
Burhani C-Zun Blue Barry Syrup800ML,278.000,In Stock
Burhani C-Zun Ice Cream Syrup 800ML,252.000,In Stock
HAPPY HOME STRAWBERRY LAB E SHEREEN,145.000,In Stock
Fruitamins Broken Pineapple Slice,495.000,In Stock
Fruitamins Fruit Cocktail Tin,575.000,In Stock
Fruitamins Fruit Cocktail Tin,355.000,In Stock
Laziza Vermicelli Kheer Mix,136.000,In Stock
Laziza Pistachio Rasmalai Mix,220.000,In Stock
Laziza Gajar Kheer Mix,136.000,In Stock
Laziza Doodh Dullari Dessert Mix,220.000,In Stock
Laziza Almond Rasmalai Mix,220.000,In Stock
Laziza Almond Original Kheer Mix,135.000,In Stock
Happy Home Jelly Falooda Mix,163.000,In Stock
Happy Home Firni Mix,63.000,In Stock
SANTAN COCONUT MILK POWDER,1100.000,In Stock
ROSSMOOR INSTANT COCONUT MILKPOWDER,205.000,In Stock
RAFHAN CHOCOLATE CUSTARD,130.000,In Stock
NATIONAL VANILLA CUSTARD POWDER,90.000,In Stock
NATIONAL MANGO CUSTARD POWDER,90.000,In Stock
NATIONAL VANILLA CUSTARD POWDER,180.000,In Stock
NATIONAL CRYSTAL STRAWBERRY JELLY MIX,135.000,In Stock
LAZIZA RABRI FALOODA MIX,205.000,In Stock
Happy Home Egg Pudding Mix,100.000,In Stock
ITALIANO VANILLA & CHOCOLATE CHIP RECIPE MIX BOX,197.000,In Stock
ITALIANO PLAIN CHOCOLATE CHIPRECIPE MIX BOX,197.000,In Stock
HAPPY HOME CHINA GRASS ASSORTED,100.000,In Stock
HAPPY HOME CRYSTAL STRAWBERRYJELLY MIX,100.000,In Stock
HAPPY HOME SHEER KHURMA MIX,160.000,In Stock
HAPPY HOME KHEER RICE PUDDING MIX,125.000,In Stock
HAPPY HOME RABRI FALOODA MIX,145.000,In Stock
HAPPY HOME VANILLA LAB E SHEREEN,145.000,In Stock
HAPPY HOME PINEAPPLE LAB E SHEREEN,145.000,In Stock
Laziza Standard Rasmalai Mix,220.000,In Stock
Italiano Pound Cake Mix Box,428.000,In Stock
Italiano Marble Cake Mix Box,428.000,In Stock
Laziza Kulfa Khoya Badami Dessert Mix,220.000,In Stock
Happy Home Chocolate Flavour Dessert Mix,115.000,In Stock
Happy Home Caramel Pudding Mix,100.000,In Stock
Happy Home Crystal Blue Berry Jelly Mix,100.000,In Stock
Rafhan Mango Jelly Mix,149.000,In Stock
Laziza Jelly Falooda Mix,220.000,In Stock
Laziza Gulab Jamun Mix,220.000,In Stock
Laziza Pistachio Kheer Mix,136.000,In Stock
Italiano Dark Cooking Chocolate,327.000,In Stock
Rafhan Banana Custard Powder,170.000,In Stock
Rafhan Mango Custard Powder,180.000,In Stock
Rafhan Strawberry Custard Powder,170.000,In Stock
Laziza Saffron Sheer Khurma Mix,220.000,In Stock
Salmans Strawberry Topping Syrup,570.000,In Stock
Rafhan Vanilla Custard Powder,175.000,In Stock
Rafhan Strawberry Jelly Mix,149.000,In Stock
Rafhan Egg Pudding Mix,150.000,In Stock
Rafhan Banana Jelly Mix,149.000,In Stock
Betty Crocker S/m Dark Chocolate Cake Mix,754.000,In Stock
Happy Home Crystal Pineapple Jelly Mix,100.000,In Stock
Mehran Zafran Kheer Mix,110.000,In Stock
Mehran Strawberry Jelly Falooda Dessert Mix,155.000,In Stock
Mehran Sheer Khurma Mix,155.000,In Stock
Mehran Shahi Tukra Dessert Mix,145.000,In Stock
Mehran Kheer Mix,110.000,In Stock
Mehran Firni Mix,110.000,In Stock
Mehran Doodh Dulari Dessert Mix,155.000,In Stock
Betty Crocker S/m Vanila Cake Mix,754.000,In Stock
Betty Crocker S/m Milk Chocolate Cake Mix,754.000,In Stock
Laziza Standard Kheer Mix,136.000,In Stock
Betty Crocker S/m Chocolate Fudge Cake Mix,754.000,In Stock
Betty Crocker Dark Chocolate Fudge Brownie Mix,810.000,In Stock
Betty Crocker Chocolate Fudge Brownie Mix,810.000,In Stock
Betty Crocker Chocolate Chip Cookies Mix,1050.000,In Stock
Betty Crocker Butter Milk Pancake Mix,1223.000,In Stock
Italiano White Chocolate Chip Recipe Mix Box,197.000,In Stock
Italiano Chocolate Pudding Mix,100.000,In Stock
Italiano Fudge Dark Chocolate,428.000,In Stock
Italiano Original Pancake Mix Box,428.000,In Stock
MENU CHICKEN SEEKH KABAB POLYBAG,841.000,In Stock
PK CHICKEN SHAMI KABAB,890.000,In Stock
PK CHICKEN CHAPLI KABAB,745.000,In Stock
PK CHICKEN FILLET,970.000,In Stock
PK CHICKEN POPCORN,999.000,In Stock
PK CRISPY CHICKEN BURGER,949.000,In Stock
PK CHICKEN CHAPLI KABAB,1169.000,In Stock
MON SALWA JUICY CHICKEN NUGGETS,455.000,In Stock
MON SALWA TIKKA CHICKEN CHUNKS,760.000,In Stock
MON SALWA CRUNCHY CHICKEN NUGGETS,879.000,In Stock
MON SALWA CHICKEN TIKKA BOTI,960.000,In Stock
MON SALWA CHICKEN SHAMI KABAB,830.000,In Stock
MON SALWA CRISPY CHICKEN BURGER,1140.000,In Stock
MENU CHICKEN KOFTA POLY BAG,571.000,In Stock
MENU CHICKEN NUGGETS,960.000,In Stock
DAWN CHICKEN HEARTS CHEESE BALLS,955.000,In Stock
DAWN CHICKEN KOFTA POLY BAG,1780.000,In Stock
MENU CHICKEN TULIPS,842.000,In Stock
MENU CHICKEN HAND KRAFTED TENDERS,795.000,In Stock
MENU GOLA KABAB,1105.000,In Stock
MENU CHICKEN TIKKA BITE,729.000,In Stock
MENU CHICKEN NUGGETS POLY BAG,877.000,In Stock
MENU CHICKEN KOFTA,1275.000,In Stock
MENU CHICKEN CHAPLI KABAB,1017.000,In Stock
PK CHICKEN POPCORN,999.000,In Stock
PK CHICKEN FILLET,970.000,In Stock
PK CHICKEN CHAPLI KABAB,745.000,In Stock
PK CHICKEN SHAMI KABAB,890.000,In Stock
SABROSO CHICKEN NUGGETS,1680.000,In Stock
PK CRISPY CHICKEN BURGER,862.000,In Stock
MON SALWA FRANKFURTER CHICKENGRILLED SMOKED SAUSAGES,475.000,In Stock
MON SALWA FRANKFURTER CHEESE CHICKEN SAUSAGES,482.000,In Stock
SUFI XINGER BURGER PATTIES,1064.000,In Stock
SUFI POTATO CUTLET,485.000,In Stock
SUFI POTATO SAMOSA,395.000,In Stock
SUFI SPICY CHICKEN POPPERS,1123.000,In Stock
SUFI CHICKEN TENDER,1047.000,In Stock
SUFI CHICKEN POPPERS,1008.000,In Stock
SUFI CHICKEN BURGER PATTIES,1199.000,In Stock
SABROSO SEEKH KABAB,1710.000,In Stock
SABROSO CHICKEN POPPERS,1549.000,In Stock
SABROSO CHICORN FRIES,850.000,In Stock
PK SPRING CHICKEN NUGGETS,885.000,In Stock
SABROSO AQUA BUDDIES,862.000,In Stock
PK HOME STYLE CRISPY HOT SHOT,885.000,In Stock
PK SPRING CHICKEN FILLET,885.000,In Stock
SABROSO CHICKEN DONUT,448.000,In Stock
PK SCHOOL CHICKEN NUGGETS,519.000,In Stock
Pk Crispy Chicken Burger,949.000,In Stock
Pk Chicken Burger,1043.000,In Stock
Pk Chicken Popcorn,435.000,In Stock
Pk Chicken Popcorn,551.000,In Stock
Sufi Chicken Nuggets,1005.000,In Stock
Mon Salwa Juicy Chicken Burger,429.000,In Stock
Sufi Crispy Chicken Burger Patties Poly Bag,880.000,In Stock
Sufi Crispy Chicken Nuggets Poly Bag,885.000,In Stock
DAWN CHICKEN CHAPLI KABAB,1038.000,In Stock
DAWN CHICKEN HEARTS CHEESE BALLS,955.000,In Stock
DAWN CHICKEN KOFTA POLY BAG,1780.000,In Stock
MENU CHICKEN TULIPS,842.000,In Stock
MENU CHICKEN HAND KRAFTED TENDERS,795.000,In Stock
MENU GOLA KABAB,1105.000,In Stock
MENU CHICKEN TIKKA BITE,729.000,In Stock
MENU CHICKEN NUGGETS,960.000,In Stock
MENU CHICKEN POPCORN,890.000,In Stock
MENU CHICKEN BURGER PATTIES,1155.000,In Stock
MENU CHICKEN CHAPLI KABAB,1017.000,In Stock
MENU CHICKEN KOFTA,1275.000,In Stock
MENU CHICKEN NUGGETS POLY BAG,877.000,In Stock
MENU CHICKEN CROQUETTES POLY BAG,989.000,In Stock
MENU CHICKEN SEEKH KABAB POLYBAG,841.000,In Stock
MENU CHICKEN KOFTA POLY BAG,571.000,In Stock
MON SALWA CRISPY CHICKEN BURGER,1140.000,In Stock
MON SALWA CHICKEN SHAMI KABAB,830.000,In Stock
MON SALWA CHICKEN TIKKA BOTI,960.000,In Stock
MON SALWA CRUNCHY CHICKEN NUGGETS,879.000,In Stock
MON SALWA TIKKA CHICKEN CHUNKS,760.000,In Stock
MON SALWA JUICY CHICKEN NUGGETS,455.000,In Stock
PK CHICKEN CHAPLI KABAB,1169.000,In Stock
PK CRISPY CHICKEN BURGER,949.000,In Stock
PK CHICKEN POPCORN,999.000,In Stock
PK CHICKEN FILLET,970.000,In Stock
PK CHICKEN CHAPLI KABAB,745.000,In Stock
PK CHICKEN SHAMI KABAB,890.000,In Stock
PK CHICKEN SEEKH KABAB,877.000,In Stock
PK SCHOOL CHICKEN NUGGETS,925.000,In Stock
PK SCHOOL CHICKEN NUGGETS,519.000,In Stock
PK SPRING CHICKEN NUGGETS,885.000,In Stock
PK SPRING CHICKEN FILLET,885.000,In Stock
PK HOME STYLE CRISPY HOT SHOT,885.000,In Stock
SABROSO AQUA BUDDIES,862.000,In Stock
SABROSO CHICKEN DONUT,448.000,In Stock
SABROSO CHICKEN PAKORA BOX,455.000,In Stock
SABROSO CHICKEN KACHORI,565.000,In Stock
SABROSO TENDERLICIOUS CHICKENBREAST 500GM,730.000,In Stock
SABROSO SHAMI KABAB BOX,850.000,In Stock
SABROSO TEMPURA NUGGETS,695.000,In Stock
SABROSO CRISPY CHICKEN STRIPS,850.000,In Stock
SABROSO CHICKEN NUGGETS,1680.000,In Stock
SABROSO CHICORN FRIES,850.000,In Stock
SABROSO CHICKEN POPPERS,1549.000,In Stock
SABROSO SEEKH KABAB,1710.000,In Stock
SUFI CHICKEN BURGER PATTIES,1199.000,In Stock
SUFI CHICKEN POPPERS,1008.000,In Stock
SUFI CHICKEN TENDER,1047.000,In Stock
SUFI SPICY CHICKEN POPPERS,1123.000,In Stock
SUFI POTATO SAMOSA,395.000,In Stock
SUFI POTATO CUTLET,485.000,In Stock
SUFI XINGER BURGER PATTIES,1064.000,In Stock
MON SALWA FRANKFURTER CHEESE CHICKEN SAUSAGES,482.000,In Stock
MON SALWA FRANKFURTER CHICKENGRILLED SMOKED SAUSAGES,475.000,In Stock
PK CRISPY CHICKEN BURGER,862.000,In Stock
Dairy Omung Liquid Milk,283.000,In Stock
MILLAC TEA MILK POUCH,522.000,In Stock
NESTLE NIDO FORTIGROW POWDER MILK,1335.000,In Stock
MILLAC TEA MILK POUCH,1435.000,In Stock
Nestle Nido Bunyad Powder Milk,1340.000,In Stock
Maymil Instant Powder Milk Pouch,545.000,In Stock
Olpers Full Cream Powder Milk,1665.000,In Stock
NESTLE NIDO FORTIGROW POWDER MILK,840.000,In Stock
Olpers Full Cream Powder Milk,720.000,In Stock
MAYMIL INSTANT POWDER MILK POUCH,335.000,In Stock
Olpers Pro Cal Liquid Milk,263.000,In Stock
Olpers Pro Cal Liquid Milk,66.000,In Stock
MILKFIELDS MILK LIQUID MILK TETRA PACK,63.000,In Stock
Maymil Instant Powder Milk Pouch,1265.000,In Stock
Millac Skimilac Powder Milk Tin,855.000,In Stock
Millac Skimilac Powder Milk Pouch,1435.000,In Stock
Nestle Milk Pak Liquid Milk,264.000,In Stock
Day Fresh Lactose Free Liquid Milk Tetra Pack,82.000,In Stock
Day Fresh Full Cream Liquid Milk Tetra Pack,72.000,In Stock
Day Fresh Full Cream Liquid Milk Tetra Pack,245.000,In Stock
Dairy Pure Liquid Milk,49.000,In Stock
Dairy Omung Liquid Milk,47.000,In Stock
Dairy Omung Liquid Milk,184.000,In Stock
Nestle Every Day Powder Milk Pouch,2185.000,In Stock
NESTLE NIDO FORTIGROW POWDER MILK,840.000,In Stock
Olpers Full Cream Powder Milk,1665.000,In Stock
Maymil Instant Powder Milk Pouch,545.000,In Stock
Olpers Full Cream Powder Milk,720.000,In Stock
MILLAC TEA MILK POUCH,522.000,In Stock
Nestle Nido Bunyad Powder Milk,1340.000,In Stock
MILLAC TEA MILK POUCH,1435.000,In Stock
Nestle Nido Bunyad Powder Milk Pouch,388.000,In Stock
Nestle Milk Pak Liquid Milk,69.000,In Stock
Olpers Liquid Milk,244.000,In Stock
Olpers Liquid Milk,66.000,In Stock
Nestle Every Day Powder Milk Pouch,1545.000,In Stock
Nestle Nido Fortigrow Powder Milk Pouch,1700.000,In Stock
Haleeb Cream,174.000,In Stock
Nestle Every Day Tea Milk Pouch,679.000,In Stock
Olpers Liquid Milk Pouch,66.000,In Stock
Olpers Liquid Milk,343.000,In Stock
Millac Powder Milk Pouch,1346.000,In Stock
Nurpur Liquid Milk,247.000,In Stock
Nestle Nesvita Liquid Milk,297.000,In Stock
Nestle Nesvita Liquid Milk,69.000,In Stock
Nestle Every Day Powder Milk Sachet,29.000,In Stock
Comelle Condensed Milk,345.000,In Stock
Dairy King Powder Milk Pouch,1189.000,In Stock
Nestle Milk Pak Cream,203.000,In Stock
Olpers Cream,195.000,In Stock
Nestle All Purpose Yogurt,234.000,In Stock
Nestle Plain Yogurt,223.000,In Stock
Nestle Milk Pak Yogurt Pouch,349.000,In Stock
Nestle Milk Pak Yogurt Pouch,184.000,In Stock
Nurpur Liquid Milk 250ml,62.000,In Stock
Nurpur Liquid Milk 1.5ltr,347.000,In Stock
Haleeb Liquid Milk 1ltr,222.000,In Stock
Nestle Every Day Tea Milk,1019.000,In Stock
Adams Yogurt,36.000,In Stock
Adams Zeera Raita,99.000,In Stock
Whipy Whip Whipping Cream,365.000,In Stock
Chaseup Eggs 12pcs,350.000,In Stock
Dawn Fortified Bread Large,200.000,In Stock
Dawn Fortified Bread Small,109.000,In Stock
Chaseup(g) Eggs,170.000,In Stock
Bake Parlor Cake Rusk Original,460.000,In Stock
Bake Parlor Large Rusk,139.000,In Stock
Vita White Eggs,190.000,In Stock
Vita White Eggs,370.000,In Stock
Bake Parlor White Bread,207.000,In Stock
Bake Parlor White Bread,113.000,In Stock
Bake Parlor Milky Bread,113.000,In Stock
Bake Parlor Milky Bread,150.000,In Stock
Omega Max Eggs,515.000,In Stock
Omega Max Eggs,255.000,In Stock
EGG BOX SIMPLY TRAY,828.000,In Stock
EGG BOX SIMPLY EGGS,346.000,In Stock
Chaseup Big Elbow Macaroni,149.000,In Stock
Chaseup Twisted Elbow Macaroni,149.000,In Stock
Chaseup Shell Macaroni,149.000,In Stock
Chaseup Penne Macaroni,149.000,In Stock
Chaseup Fusilli Macaroni,149.000,In Stock
BAKE PARLOR COLOURED VERMICELLI,122.000,In Stock
BAKE PARLOR CAJUN SPAGHETTI,132.000,In Stock
BAKE PARLOR CHILLI GARLIC SAUCE,315.000,In Stock
BAKE PARLOR SOYA CHILLI VINEGAR SAUCE,335.000,In Stock
SHAN SHOOP CHICKEN NOODLES 65GM,210.000,In Stock
BAKE PARLOR KHOWSUEY PASTA,170.000,In Stock
BAKE PARLOR LASAGNE,315.000,In Stock
BAKE PARLOR MALAI BOTI 2 IN 1MACARONI + MASALA,130.000,In Stock
BAKE PARLOR WHOLE WHEAT ELBOWMACARONI,199.000,In Stock
BAKE PARLOR CHILLI SAUCE,249.000,In Stock
BAKE PARLOR WHOLE WHEAT SPAGHETTI,238.000,In Stock
BAKE PARLOR HARA MASALA SPAGHETTI,130.000,In Stock
BAKE PARLOR SOYA CHILLI VINEGAR SAUCE,179.000,In Stock
BAKE PARLOR CUT ROASTED VERMICELLI,94.000,In Stock
BAKE PARLOR WHITE VINEGAR,90.000,In Stock
BAKE PARLOR WHITE VINEGAR,150.000,In Stock
KNORR JALAPENO BLAZIN NOODLES,175.000,In Stock
KNORR CHICKEN NOODLES TWIN PACK,130.000,In Stock
KNORR CHATPATA NOODLES TWIN PACK,124.000,In Stock
BAKE PARLOR WHOLE WHEAT ELBOWMACARONI,199.000,In Stock
KERNAL POP NATURAL POPCORN,54.000,In Stock
KNORR CHICKEN NOODLES PROMO PACK,270.000,In Stock
KNORR CHATPATA NOODLES PROMO PACK,270.000,In Stock
KNORR CHATPAT NOODLES PROMO PACK,399.000,In Stock
KNORR CHICKEN NOODLES PROMO PACK,399.000,In Stock
National U Shape Vermicelli,65.000,In Stock
SHAN SHOOP CHATPATA NOODLES,180.000,In Stock
DASHI CHICKEN CORN SOUP,135.000,In Stock
KERNAL POP SPUN FUN ASSORTED POPCORN CUP,69.000,In Stock
KERNAL POP COATED POPCORN,110.000,In Stock
SHAN SHOOP CHATPATA NOODLES,60.000,In Stock
SHANGRILA CLASSIC YELLOW MUSTARD PASTE,620.000,In Stock
SHANGRILA HONEY MUSTARD PASTE,720.000,In Stock
SHAN SHOOP FIERY HOT CARBONARAFLAVOUR,280.000,In Stock
SHAN SHOOP FIERY HOT CHILLI BLAST FLAVOUR,280.000,In Stock
SHAN SHOOP CHATT PATA NOODLES65GM,210.000,In Stock
SHAN SHOOP MASALA NOODLES 65GM,210.000,In Stock
BAKE PARLOR CHICKEN LASAGNE MACARONI,180.000,In Stock
SHAN SHOOP CHEESE NOODLES,60.000,In Stock
Bake Parlor Bbq Macaroni Box,125.000,In Stock
ARTA ZITI MACARONI POUCH,199.000,In Stock
ARTA LASAGNETTE MACARONI POUCH,199.000,In Stock
ARTA SPAGHETTI POUCH,199.000,In Stock
ARTA EARINGS MACARONI POUCH,199.000,In Stock
Knorr Chicken Noodles Pouch 66gm,410.000,In Stock
Knorr Chatpata Noodles Pouch 66gm,410.000,In Stock
Knorr Cheesy Chatt Patta Noodles,70.000,In Stock
Bake Parlor Spaghetti Box,213.000,In Stock
Bake Parlor Fusilli Macaroni Pouch,160.000,In Stock
Bake Parlor Fajita Spaghetti Box,125.000,In Stock
ARTA SNAILS MACARONI POUCH,199.000,In Stock
Bake Parlor Tikka Macaroni,125.000,In Stock
Bake Parlor Penne Macaroni Pouch,160.000,In Stock
Bake Parlor Coloured Vermicelli Pouch,59.000,In Stock
Bake Parlor Pasta Cut Plain Vermicelli Pouch,76.000,In Stock
Bake Parlor Fancy Spaghetti Pouch,197.000,In Stock
Bake Parlor Elbow Macaroni Pouch,160.000,In Stock
Bake Parlor Shell Macaroni Pouch,160.000,In Stock
Bake Parlor Chiness Real Egg Noodles,129.000,In Stock
Bake Parlor U-shape Vermicelli,56.000,In Stock
Knorr Chatpata Noodles,65.000,In Stock
BAKE PARLOR LONG MACARONI,220.000,In Stock
BAKE PARLOR CHICKEN CHOWMEIN MACARONI,130.000,In Stock
BAKE PARLOR CHICKEN CHILLI SPAGHETTI,132.000,In Stock
BAKE PARLOR CHICKEN MANCHORIANMACARONI,130.000,In Stock
BAKE PARLOR BIRYANI MACARONI,130.000,In Stock
BAKE PARLOR ACHARI MACARONI,130.000,In Stock
BAKE PARLOR JALFREZI MACARONI,130.000,In Stock
BAKE PARLOR SEVEN SPICE MACARONI,130.000,In Stock
BAKE PARLOR RING MACARONI,180.000,In Stock
BAKE PARLOR TWISTED MACARONI,180.000,In Stock
BAKE PARLOR SCREW MACARONI,180.000,In Stock
Knorr Chicken Noodles,65.000,In Stock
BAKE PARLOR SMALL ELBOW MACARONI,180.000,In Stock
Knorr Chicken Noodles 66gm,277.000,In Stock
Knorr Assorted Noodles 4pcs Pack,277.000,In Stock
Kernal Pop Butter Popcorn,89.000,In Stock
Kernal Pop Salt & Pepper Popcorn Box,475.000,In Stock
Kernal Pop Butter Blast Popcorn Box,475.000,In Stock
Kernal Pop Butter Blast Popcorn,165.000,In Stock
Kernal Pop Caramel Coated Popcorn Jar,339.000,In Stock
ARTA SHELL MACARONI POUCH,199.000,In Stock
SHAN MANGO RELISH CHUTNEY BOTTLE,265.000,In Stock
Shangrila Mixed Pickle Pouch,250.000,In Stock
Shangrila Mixed Pickle Jar,280.000,In Stock
National Crushed Mixed Pickle Jar,350.000,In Stock
National Mixed Pickle Jar,280.000,In Stock
National Mango Pickle Jar,280.000,In Stock
National Mixed Pickle Jar,540.000,In Stock
National Mango Pickle Jar,545.000,In Stock
National Hyderabadi Pickle Jar,600.000,In Stock
SHANGRILA MIXED PICKLE CHUNKSJAR,358.000,In Stock
SHANGRILA HYDERABADI PICKLE JAR,275.000,In Stock
SHANGRILA MIXED PICKLE JAR,535.000,In Stock
SHAN MIXED PICKLE JAR,310.000,In Stock
SHAN HYDERABADI MIXED PICKLE JAR,747.000,In Stock
SHAN MANGO PICKLE JAR,595.000,In Stock
SHAN MIXED PICKLE JAR,635.000,In Stock
National Mixed Pickle Bottle,240.000,In Stock
SHAN CARROT PICKLE BOTTLE,435.000,In Stock
SHAN GINGER MANGO CHUTNEY BOTTLE,220.000,In Stock
SHAN MANGO RELISH CHUTNEY BOTTLE,265.000,In Stock
SHAN TAMARIND CHUTNEY BOTTLE,320.000,In Stock
SHAN GREEN CHUTNEY BOTTLE,250.000,In Stock
SHAN GARLIC PICKLE BOTTLE,385.000,In Stock
SHAN HYDERABADI MIXED PICKLE BOTTLE,325.000,In Stock
NATIONAL HYDERABADI PICKLE BOTTLE,340.000,In Stock
HANSON MINT CHUTNEY BOTTLE,399.000,In Stock
Shangrila Mixed Pickle Pouch,433.000,In Stock
National Crushed Mixed Pickle Jar,590.000,In Stock
National Hyderabadi Pickle Bottle,260.000,In Stock
National Garlic Pickle Bottle,225.000,In Stock
National Chilli Pickle Bottle,175.000,In Stock
National Mango Pickle Bottle,240.000,In Stock
CHASE UP TOMATO KETCHUP,175.000,In Stock
CHASE UP TOMATO KETCHUP,340.000,In Stock
CHASE UP CHILLI GARLIC SAUCE,175.000,In Stock
CHASE UP CHILLI GARLIC SAUCE,340.000,In Stock
SHANGRILA CHILLI GARLIC SAUCECAN,1262.000,In Stock
YOUNGS CRAVE STRAWBERRY TOPPIN,580.000,In Stock
YOUNGS CRAVE CHOCOLATE TOPPING,580.000,In Stock
YOUNGS THOUSAND ISLAND DRESSING,375.000,In Stock
YOUNGS RANCH SAUCE DRESSING,595.000,In Stock
KNORR FRIED CHICKEN MIX FOOD COATING POUCH,102.000,In Stock
Knorr Instant Chicken Yakhni,39.000,In Stock
Knorr Cup A Soup Cream Of Chicken Soup,23.000,In Stock
Knorr Pulao Recipe Cubes,65.000,In Stock
Knorr Chicken & Corn Soup,145.000,In Stock
Knorr Cream Of Tomoto Soup,115.000,In Stock
SHANGRILA VINEGAR PET BOTTLE,61.000,In Stock
SHANGRILA HOT PERI PERI SAUCE,180.000,In Stock
SHANGRILA LEMON & HERBS PERI PPERI SAUCE,180.000,In Stock
SHANGRILA PERI PERI MILD,415.000,In Stock
SHANGRILA PERI PERI LEMON & HERBS,415.000,In Stock
SHANGRILA DARK SOYA SAUCE PETBOTTLE,696.000,In Stock
SHANGRILA PERI PERI SAUCE PETBOTTLE,296.000,In Stock
SHANGRILA SMOKY BBQ SAUCE PETBOTTLE,354.000,In Stock
HANSON GREEN CHILLI PASTE BOTTLE,430.000,In Stock
SHANGRILA SMOKY BBQ SAUCE PETBOTTLE,354.000,In Stock
SHANGRILA PERI PERI SAUCE PETBOTTLE,296.000,In Stock
SHANGRILA DARK SOYA SAUCE PETBOTTLE,696.000,In Stock
SHANGRILA PERI PERI LEMON & HERBS,415.000,In Stock
SHANGRILA PERI PERI MILD,415.000,In Stock
SHANGRILA LEMON & HERBS PERI PPERI SAUCE,180.000,In Stock
SHANGRILA HOT PERI PERI SAUCE,180.000,In Stock
SHANGRILA VINEGAR PET BOTTLE,61.000,In Stock
Knorr Cream Of Tomoto Soup,115.000,In Stock
Knorr Chicken & Corn Soup,145.000,In Stock
Knorr Pulao Recipe Cubes,65.000,In Stock
Knorr Cup A Soup Cream Of Chicken Soup,23.000,In Stock
Knorr Instant Chicken Yakhni,39.000,In Stock
KNORR FRIED CHICKEN MIX FOOD COATING POUCH,102.000,In Stock
YOUNGS RANCH SAUCE DRESSING,595.000,In Stock
YOUNGS THOUSAND ISLAND DRESSING,375.000,In Stock
YOUNGS CRAVE CHOCOLATE TOPPING,580.000,In Stock
YOUNGS CRAVE STRAWBERRY TOPPIN,580.000,In Stock
Shangrila Tomato Ketchup,1529.000,In Stock
Youngs Garlic Mayonnaise Pouch,270.000,In Stock
Youngs Creamy Mayonnaise Pouch,155.000,In Stock
Youngs Creame Mayonnaise Pouch,1028.000,In Stock
Shangrila Tomato Ketchup,495.000,In Stock
Shangrila Vinegar Pet Bottle,112.000,In Stock
Youngs Mayonnaise Pouch,593.000,In Stock
Youngs Mayo Red Chilli Mayonnaise Pouch,497.000,In Stock
Youngs Mayo Dressing Mayonnaise Pouch,640.000,In Stock
Youngs Mayo Chup Mayonnaise Pouch,399.000,In Stock
Youngs Garlic Mayonnaise Pouch,270.000,In Stock
Youngs Creamy Mayonnaise Pouch,155.000,In Stock
Youngs Creame Mayonnaise Pouch,1028.000,In Stock
Shangrila Tomato Ketchup,495.000,In Stock
Shangrila Tomato Ketchup,1529.000,In Stock
ROSSMOOR SUPER FINE MUSTARD PASTE BOTTLE,390.000,In Stock
Shangrila Vinegar Pet Bottle,112.000,In Stock
Shangrila Vinegar Pet Bottle,175.000,In Stock
Mehran Chilli Garlic Sauce Pouch,310.000,In Stock
Shangrila Soya Sauce Pet Bottle,132.000,In Stock
Shan Ginger Paste,415.000,In Stock
Shangrila Chilli Garlic Sauce Pouch,376.000,In Stock
Mehran Garlic Paste Bottle,345.000,In Stock
Mehran Garlic Paste Bottle,615.000,In Stock
Mehran Ginger Paste Bottle,355.000,In Stock
Mitchells Ginger Paste,375.000,In Stock
Mitchells Garlic Paste,375.000,In Stock
National Tomato Ketchup Pouch,115.000,In Stock
Shangrila Tomato Ketchup Pouch,376.000,In Stock
Shangrila Mango Pickle Jar,280.000,In Stock
Dipitt Natural vinegar bottle,218.000,In Stock
Dipitt Tomato ketchup pouch,365.000,In Stock
Dipitt Chilli garlic pouch,365.000,In Stock
Dipitt Classic mayo pouch,520.000,In Stock
Dipitt Garlic mayo pouch,825.000,In Stock
Dipitt Garlic mayo pouch,420.000,In Stock
Lush Tomato Ketchup Pouch,300.000,In Stock
Lush Tomato Ketchup Pouch,160.000,In Stock
Lush Tomato Ketchup Pouch,90.000,In Stock
Lush Chilli Garlic Sauce,160.000,In Stock
Lush Chilli Garlic Sauce,300.000,In Stock
Shangrila Chilli Garlic Sauce Pouch,376.000,In Stock
DIPITT OYSTER SAUCE BOTTLE,415.000,In Stock
HANSON GARLIC PASTE BOTTLE,430.000,In Stock
HANSON GINGER PASTE BOTTLE,430.000,In Stock
HANSON GARLIC GINGER PASTE BOTTLE,430.000,In Stock
HANSON PAPAYA PASTE BOTTLE,365.000,In Stock
HANSON TAMARIND PASTE BOTTLE,456.000,In Stock
HANSON RED CHILLI PASTE BOTTLE,460.000,In Stock
HANSON GREEN CHILLI PASTE BOTTLE,430.000,In Stock
HANSON GARLIC GINGER PASTE BOTTLE,999.000,In Stock
KNORR TOMATO KETCHUP,252.000,In Stock
KNORR CHILLI GARLIC SAUCE,260.000,In Stock
KNORR GREEN CHUTNEY SAUCE,255.000,In Stock
KNORR BARBECUE SAUCE,350.000,In Stock
NATIONAL CHILLI GARLIC SAUCE POUCH,115.000,In Stock
NATIONAL WHITE VINEGAR,210.000,In Stock
SALMANS PIZZA SAUCE,370.000,In Stock
SHANGRILA CHILLI GARLIC SAUCECAN,1262.000,In Stock
SHANGRILA GARLIC CHILLI SAUCEBOTTLE,1093.000,In Stock
SHANGRILA LEMON JUICE PET BOTTLE,200.000,In Stock
SHANGRILA SMOKY BBQ SAUCE PETBOTTLE,354.000,In Stock
SHANGRILA PERI PERI SAUCE PETBOTTLE,296.000,In Stock
SHANGRILA DARK SOYA SAUCE PETBOTTLE,696.000,In Stock
SHANGRILA PERI PERI LEMON & HERBS,415.000,In Stock
SHANGRILA PERI PERI MILD,415.000,In Stock
SHANGRILA LEMON & HERBS PERI PPERI SAUCE,180.000,In Stock
SHANGRILA HOT PERI PERI SAUCE,180.000,In Stock
SHANGRILA VINEGAR PET BOTTLE,61.000,In Stock
Knorr Cream Of Tomoto Soup,115.000,In Stock
Knorr Chicken & Corn Soup,145.000,In Stock
Knorr Pulao Recipe Cubes,65.000,In Stock
Knorr Cup A Soup Cream Of Chicken Soup,23.000,In Stock
Knorr Instant Chicken Yakhni,39.000,In Stock
KNORR FRIED CHICKEN MIX FOOD COATING POUCH,102.000,In Stock
YOUNGS RANCH SAUCE DRESSING,595.000,In Stock
YOUNGS THOUSAND ISLAND DRESSING,375.000,In Stock
YOUNGS CRAVE CHOCOLATE TOPPING,580.000,In Stock
YOUNGS CRAVE STRAWBERRY TOPPIN,580.000,In Stock
Shan Ginger Garlic Paste,405.000,In Stock
Shan Ginger Paste,415.000,In Stock
Shan Garlic Paste,385.000,In Stock
Mehran Garlic Paste Bottle,345.000,In Stock
Mehran Garlic Paste Bottle,615.000,In Stock
Mehran Ginger Paste Bottle,355.000,In Stock
Mitchells Ginger Paste,375.000,In Stock
Mitchells Garlic Paste,375.000,In Stock
National Tomato Ketchup Pouch,115.000,In Stock
Shangrila Tomato Ketchup Pouch,376.000,In Stock
Shangrila Soya Sauce Pet Bottle,132.000,In Stock
Shangrila Chilli Sauce Pet Bottle,136.000,In Stock
Shangrila Chilli Sauce Pet Bottle,267.000,In Stock
Shangrila Soya Sauce Pet Bottle,257.000,In Stock
Shangrila Green Chilli Sauce Pouch,206.000,In Stock
Shangrila Chilli Garlic Sauce Pouch,117.000,In Stock
Shangrila Mango Pickle Jar,554.000,In Stock
Shangrila Mango Pickle Jar,280.000,In Stock
Shangrila Green Chilli Sauce Pouch,117.000,In Stock
Shangrila Imli Ginger Sauce Pouch,117.000,In Stock
Mehran Chilli Garlic Sauce Pouch,310.000,In Stock
Shangrila Vinegar Pet Bottle,175.000,In Stock
Shangrila Vinegar Pet Bottle,112.000,In Stock
ROSSMOOR SUPER FINE MUSTARD PASTE BOTTLE,390.000,In Stock
Shangrila Tomato Ketchup,1529.000,In Stock
Shangrila Tomato Ketchup,495.000,In Stock
Youngs Creame Mayonnaise Pouch,1028.000,In Stock
Youngs Creamy Mayonnaise Pouch,155.000,In Stock
Youngs Garlic Mayonnaise Pouch,270.000,In Stock
Youngs Mayo Chup Mayonnaise Pouch,399.000,In Stock
Youngs Mayo Dressing Mayonnaise Pouch,640.000,In Stock
Youngs Mayo Red Chilli Mayonnaise Pouch,497.000,In Stock
Youngs Mayonnaise Pouch,593.000,In Stock
Youngs Mayonnaise Pouch,1028.000,In Stock
Youngs Mayonnaise Pouch,328.000,In Stock
YOUNGS REAL MAYONNAISE,230.000,In Stock
YOUNGS REAL MAYONNAISE,854.000,In Stock
Shangrila Tomato Ketchup Can,1289.000,In Stock
Chaseup Maida,210.000,In Stock
Chaseup Baisan,235.000,In Stock
Chaseup Sujee,100.000,In Stock
Chaseup Chakki Aata,850.000,In Stock
CHASEUP RICE FLOUR,99.000,In Stock
CHASEUP DAAL MOONG AATA,89.000,In Stock
BAKE PARLOR KHALIS CHAKKI AATA,1675.000,In Stock
A.A CHAKKI AATA BAG,605.000,In Stock
A.A CHAKKI AATA BAG,1195.000,In Stock
BAKE PARLOR DESI CHAKKI AATA,1675.000,In Stock
SYED ORGANIC WHOLE WHEAT FLOURBOX,280.000,In Stock
SYED DIET MULTI GRAIN FLOUR BOX,870.000,In Stock
SADI CHAKKI WHITE AATA BAG,930.000,In Stock
SADI CHAKKI AATA BAG,1820.000,In Stock
Ashrafi Fine Aata,950.000,In Stock
BAKE PARLOR SUPER FINE AATA,1675.000,In Stock
Bake Parlor Desi Chakki Aata Bag,910.000,In Stock
Bake Parlor Red Chakki Aata Bag,910.000,In Stock
Bake Parlor Fine Aata Bag,910.000,In Stock
Bake Parlor Khalis Chakki Aata Bag,910.000,In Stock
Ghiza Super Fine 5kg,910.000,In Stock
Ghiza Super Fine 10kg,1800.000,In Stock
Syed Diet Silk Aata,650.000,In Stock
Syed Diet Platinum Aata,875.000,In Stock
Syed Diet Aata,970.000,In Stock
Bake Parlor Diet Aata,455.000,In Stock
Ashrafi Fine Aata,1860.000,In Stock
Sadi Chakki Aata,940.000,In Stock
PONS ORGANIC EXTRA VIRGIN OLIVE OIL BOTTLE,1880.000,In Stock
KASHMIR BANASPATI GHEE,2475.000,In Stock
KASHMIR BANASPATI GHEE,2525.000,In Stock
KASHMIR BANASPATI GHEE,1265.000,In Stock
KASHMIR BANASPATI GHEE,498.000,In Stock
KASHMIR PREMIUM GOLD COOKING OIL,519.000,In Stock
KASHMIR PREMIUM GOLD COOKING OIL,2420.000,In Stock
KASHMIR PREMIUM GOLD COOKING OIL,1609.000,In Stock
DALDA EXTRA VIRGIN OLIVE OIL BOTTLE,1155.000,In Stock
RAFHAN CORN COOKING OIL BOTTLE,3150.000,In Stock
Shafaq Cooking Oil Pouch,519.000,In Stock
Shafaq Canola Cooking Oil Pouch,535.000,In Stock
SHAFAQ CANOLA COOKING OIL BOTTLE,2455.000,In Stock
SEASONS CORN COOKING OIL BOTTLE,610.000,In Stock
ADAMS DESI GHEE TIN,945.000,In Stock
PONS EXTRA VIRGIN OLIVE OIL BOTTLE,3050.000,In Stock
PONS EXTRA VIRGIN OLIVE OIL BOTTLE,1725.000,In Stock
PONS TRADITIONAL EXTRA VIRGINOLIVE OIL BOTTLE,1025.000,In Stock
PONS ORGANIC EXTRA VIRGIN OLIVE OIL BOTTLE,1050.000,In Stock
PONS ORUJO POMACE OLIVE OIL BOTTLE,1000.000,In Stock
DALDA COOKING OIL TIN,1380.000,In Stock
SHAFAQ CANOLA COOKING OIL BOTTLE,499.000,In Stock
ANDAAZ COOKING OIL POUCH,455.000,In Stock
SHAFAQ CANOLA COOKING OIL BOTTLE,1505.000,In Stock
PONS EXTRA VIRGIN OLIVE OIL BOTTLE,3050.000,In Stock
ADAMS DESI GHEE TIN,945.000,In Stock
SEASONS CORN COOKING OIL BOTTLE,610.000,In Stock
SHAFAQ CANOLA COOKING OIL BOTTLE,2455.000,In Stock
Shafaq Canola Cooking Oil Pouch,535.000,In Stock
Shafaq Cooking Oil Pouch,519.000,In Stock
RAFHAN CORN COOKING OIL BOTTLE,3150.000,In Stock
DALDA EXTRA VIRGIN OLIVE OIL BOTTLE,1155.000,In Stock
KASHMIR PREMIUM GOLD COOKING OIL,1609.000,In Stock
KASHMIR PREMIUM GOLD COOKING OIL,2420.000,In Stock
KASHMIR PREMIUM GOLD COOKING OIL,519.000,In Stock
KASHMIR BANASPATI GHEE,498.000,In Stock
KASHMIR BANASPATI GHEE,1265.000,In Stock
KASHMIR BANASPATI GHEE,2525.000,In Stock
KASHMIR BANASPATI GHEE,2475.000,In Stock
Soya Supreme Cooking Oil Pouch,548.000,In Stock
Soya Supreme Banaspati Ghee Tin,1375.000,In Stock
Soya Supreme Cooking Oil Bottle,568.000,In Stock
Soya Supreme Cooking Oil Bottle,2825.000,In Stock
Soya Supreme Cooking Oil Bottle,1695.000,In Stock
TULLO COOKING OIL BOTTLE,1740.000,In Stock
RIVAYAT CANOLA OIL STANDING POUCH,555.000,In Stock
TULLO COOKING OIL BOTTLE,590.000,In Stock
Soya Supreme Olive Cooking Oilpouch,616.000,In Stock
Soya Supreme Olive Oil Bottle,616.000,In Stock
Soya Supreme Olive Cooking Oilpouch,616.000,In Stock
Soya Supreme Banaspati Ghee Tin,1375.000,In Stock
Soya Supreme Cooking Oil Bottle,568.000,In Stock
Soya Supreme Cooking Oil Bottle,2825.000,In Stock
Soya Supreme Cooking Oil Bottle,1695.000,In Stock
Soya Supreme Cooking Oil Pouch,548.000,In Stock
TULLO COOKING OIL BOTTLE,2860.000,In Stock
TULLO COOKING OIL BOTTLE,1740.000,In Stock
TULLO COOKING OIL BOTTLE,590.000,In Stock
RIVAYAT CANOLA OIL STANDING POUCH,555.000,In Stock
EVA Sunflower Cooking Oil Bottle 3ltr,1595.000,In Stock
KASHMIR PREMIUM GOLD COOKING OIL,528.000,In Stock
SHAFAQ BANASPATI GHEE POUCH,445.000,In Stock
EVA Banaspati Ghee Pouch 1kg,499.000,In Stock
EVA Banaspati Ghee Tin 5kg,2495.000,In Stock
EVA Canola Cooking Oil Bottle 3ltr,1595.000,In Stock
EVA Canola Cooking Oil Bottle 5ltr,2665.000,In Stock
EVA CANOLA COOKING OIL STANDUP POUCH 1LTR,535.000,In Stock
EVA Cooking Oil Bottle 3ltr,1595.000,In Stock
EVA Cooking Oil Bottle 5ltr,2595.000,In Stock
EVA Sunflower Cooking Oil Pouch 1ltr,510.000,In Stock
EVA Cooking Oil Jerry Can 16ltr,8195.000,In Stock
EVA Cooking Oil Pouch 1ltr,505.000,In Stock
ANDAAZ CANOLA OIL BOTTLE,2195.000,In Stock
ANDAAZ CANOLA OIL BOTTLE,1495.000,In Stock
ANDAAZ COOKING OIL BOTTLE,2195.000,In Stock
ANDAAZ COOKING OIL BOTTLE,1495.000,In Stock
COROLI SUNFLOWER COOKING OIL BOTTLE,2325.000,In Stock
COROLI SUNFLOWER COOKING OIL BOTTLE,3795.000,In Stock
COROLI SUNFLOWER COOKING OIL PET BOTTLE,4600.000,In Stock
COROLI PURE CANOLA OIL BOTTLE,2175.000,In Stock
COROLI PURE CANOLA OIL BOTTLE,4395.000,In Stock
MEZAN CANOLA COOKING OIL BOTTLE,495.000,In Stock
SHAFAQ CANOLA COOKING OIL BOTTLE,1505.000,In Stock
SHAFAQ CANOLA COOKING OIL BOTTLE,499.000,In Stock
ANDAAZ COOKING OIL POUCH,455.000,In Stock
DALDA COOKING OIL TIN,1380.000,In Stock
DALDA POMACE OLIVE OIL BOTTLE,2635.000,In Stock
DALDA EXTRA VIRGIN OLIVE OIL TIN,8095.000,In Stock
DALDA POMACE OLIVE OIL,1415.000,In Stock
DALDA EXTRA VIRGIN OLIVE OIL TIN,10355.000,In Stock
DALDA EXTRA VIRGIN OLIVE OIL BOTTLE,3375.000,In Stock
DALDA EXTRA VIRGIN OLIVE OIL,1975.000,In Stock
MUNDIAL OLIVE OIL,1395.000,In Stock
MUNDIAL EXTRA VIRGIN OLIVE OILG/JAR,2475.000,In Stock
MUNDIAL EXTRA VIRGIN OLIVE OILJAR,1495.000,In Stock
MUNDIAL OLIVE OIL,670.000,In Stock
PONS ORGANIC EXTRA VIRGIN OLIVE OIL BOTTLE,1880.000,In Stock
PONS ORUJO POMACE OLIVE OIL BOTTLE,1000.000,In Stock
PONS ORGANIC EXTRA VIRGIN OLIVE OIL BOTTLE,1050.000,In Stock
PONS TRADITIONAL EXTRA VIRGINOLIVE OIL BOTTLE,1025.000,In Stock
PONS EXTRA VIRGIN OLIVE OIL BOTTLE,1725.000,In Stock
PONS EXTRA VIRGIN OLIVE OIL BOTTLE,3050.000,In Stock
ADAMS DESI GHEE TIN,945.000,In Stock
SEASONS CORN COOKING OIL BOTTLE,610.000,In Stock
SHAFAQ CANOLA COOKING OIL BOTTLE,2455.000,In Stock
Shafaq Canola Cooking Oil Pouch,535.000,In Stock
Shafaq Cooking Oil Pouch,519.000,In Stock
RAFHAN CORN COOKING OIL BOTTLE,3150.000,In Stock
DALDA EXTRA VIRGIN OLIVE OIL BOTTLE,1155.000,In Stock
KASHMIR PREMIUM GOLD COOKING OIL,1609.000,In Stock
KASHMIR PREMIUM GOLD COOKING OIL,2420.000,In Stock
KASHMIR PREMIUM GOLD COOKING OIL,519.000,In Stock
KASHMIR BANASPATI GHEE,498.000,In Stock
KASHMIR BANASPATI GHEE,1265.000,In Stock
KASHMIR BANASPATI GHEE,2525.000,In Stock
KASHMIR BANASPATI GHEE,2475.000,In Stock
Olivola Canola Cooking Oil Bottle,3090.000,In Stock
KASHMIR PREMIUM GOLD COOKING OIL,528.000,In Stock
SHAFAQ BANASPATI GHEE POUCH,445.000,In Stock
EVA Banaspati Ghee Pouch 1kg,499.000,In Stock
EVA Banaspati Ghee Tin 5kg,2495.000,In Stock
EVA Canola Cooking Oil Bottle 3ltr,1595.000,In Stock
EVA Canola Cooking Oil Bottle 5ltr,2665.000,In Stock
EVA CANOLA COOKING OIL STANDUP POUCH 1LTR,535.000,In Stock
EVA Cooking Oil Bottle 3ltr,1595.000,In Stock
EVA Cooking Oil Bottle 5ltr,2595.000,In Stock
EVA Sunflower Cooking Oil Bottle 3ltr,1595.000,In Stock
EVA Sunflower Cooking Oil Bottle 5ltr,2695.000,In Stock
EVA SUNFLOWER COOKING OIL STANDUP POUCH 1LTR,535.000,In Stock
EVA Banaspati Ghee Tin 1Kg,585.000,In Stock
EVA Canola Cooking Oil Jerry Can 10ltr,5195.000,In Stock
EVA Cooking Oil Jerry Can 16ltr,8195.000,In Stock
EVA Cooking Oil Pouch 1ltr,505.000,In Stock
EVA Sunflower Cooking Oil Pouch 1ltr,510.000,In Stock
SULTAN MUSTARD OIL BOTTLE,145.000,In Stock
SULTAN MUSTARD OIL BOTTLE,545.000,In Stock
RIVAYAT CANOLA OIL STANDING POUCH,555.000,In Stock
TULLO COOKING OIL BOTTLE,590.000,In Stock
TULLO COOKING OIL BOTTLE,1740.000,In Stock
TULLO COOKING OIL BOTTLE,2860.000,In Stock
Soya Supreme Cooking Oil Pouch,548.000,In Stock
Soya Supreme Cooking Oil Bottle,1695.000,In Stock
Soya Supreme Cooking Oil Bottle,2825.000,In Stock
Soya Supreme Cooking Oil Bottle,568.000,In Stock
Soya Supreme Banaspati Ghee Tin,1375.000,In Stock
Soya Supreme Olive Cooking Oilpouch,616.000,In Stock
Soya Supreme Olive Oil Bottle,616.000,In Stock
Soya Supreme Olive Oil Bottle,1839.000,In Stock
Soya Supreme Olive Oil,2745.000,In Stock
Mezan Canola Cooking Oil Bottle,2695.000,In Stock
Sufi Canola Cooking Oil Bottle,1765.000,In Stock
Sufi Canola Cooking Oil Pouch,572.000,In Stock
Dastak Cooking Oil Pouch,479.000,In Stock
ANDAAZ BANASPATI GHEE POUCH,499.000,In Stock
EVA COOKING OIL STANDUP POUCH 1LTR,529.000,In Stock
Chase Up Dalya,95.000,In Stock
Chase Up Haleem Mix,310.000,In Stock
Chase Up Masoor Whole Daal,165.000,In Stock
Chase Up Black Chana,112.000,In Stock
Chase Up Moong Daal,135.000,In Stock
Chase Up Mash Daal,270.000,In Stock
Chase Up Masoor Daal,160.000,In Stock
Chase Up Moong Chilka Daal,125.000,In Stock
Chase Up White Kabli Chana,240.000,In Stock
Chase Up White Lobia Beans,170.000,In Stock
Chase Up Red Lobia Beans,275.000,In Stock
Chase Up Chana Daal,120.000,In Stock
Chaseup Chana Daal,239.000,In Stock
Chaseup Masoor Daal,315.000,In Stock
Chaseup White Kabli Chana,475.000,In Stock
Chaseup Bajra,129.000,In Stock
Chaseup Moong Whole Daal,130.000,In Stock
Chaseup Jouw Ka Dalya,125.000,In Stock
Chaseup Masoor Whole Daal,310.000,In Stock
Chaseup Moong Daal,265.000,In Stock
Chaseup White Lobia Beans,335.000,In Stock
Chaseup Red Lobia Beans,540.000,In Stock
Chaseup Mash Daal,535.000,In Stock
Chaseup Har Har Daal,575.000,In Stock
Chaseup Har Har Daal,310.000,In Stock
Chaseup Mash Chilka Daal,235.000,In Stock
Chaseup Black Chana,220.000,In Stock
Chaseup Alsee Seeds,90.000,In Stock
Chaseup Crown Popcorn Pouch,99.000,In Stock
CHASEUP MOONG CHILKA DAAL,270.000,In Stock
CHASEUP MASH BLACK WHOLE,249.000,In Stock
Chase Up Long Grain Rice,2195.000,In Stock
Chase Up Long Grain Rice,435.000,In Stock
Chaseup Super Kernal Rice,1995.000,In Stock
Chaseup Super Kernal Rice,395.000,In Stock
Chaseup Super Basmati Rice,315.000,In Stock
Chaseup Sela Rice,395.000,In Stock
Chaseup Super Basmati Rice,1550.000,In Stock
CHASEUP (G) SELA RICE,1895.000,In Stock
CHASEUP (G) PONIA RICE,285.000,In Stock
CHASEUP (G) PONIA RICE,1425.000,In Stock
CHASEUP (G) KASHMIRI RED CHILLI POWDER,195.000,In Stock
GUARD ULTIMATE BASMATI RICE,489.000,In Stock
CHASEUP (G) CHIA SEEDS,495.000,In Stock
ORGANIC + DIABETIC FLOUR BOX,635.000,In Stock
QUILL OLIVE LEAF TEA,289.000,In Stock
QUILL ORGANIC CHIA SEEDS,1349.000,In Stock
QUILL SUPER SIX SEEDS MIX,489.000,In Stock
ORGANIC + GLUTEN FREE FLOUR BOX,695.000,In Stock
ORGANIC + MULTI GRAIN PREMIUM FLOUR BOX,530.000,In Stock
ORGANIC + GLUTEN FREE MUESLI BOX,730.000,In Stock
ORGANIC + MUESLI BOX,680.000,In Stock
Ghiza Riwayati Aata,575.000,In Stock
AL KHUBZ CHAKKI GOLD AATA,615.000,In Stock
AL KHUBZ FINE QUALITY AATA,585.000,In Stock
Falak Easy Cook Sella Rice,2350.000,In Stock
Falak Premium Super Karnal Basmati Rice,2350.000,In Stock
Falak Select Fine Basmati Rice,2125.000,In Stock
Falak Extreme Rice,520.000,In Stock
Falak Select Fine Basmati Rice,430.000,In Stock
Guard Ultimate Basmati Rice,2495.000,In Stock
Guard Brown Basmati Rice Jar,610.000,In Stock
Falak Diabetic Brown Basmati Rice Pouch,550.000,In Stock
Guard Super Kernal Sella Rice,380.000,In Stock
Guard Super Kernal Basmati Rice,419.000,In Stock
Falak Premium Super Kernal Basmati Rice,475.000,In Stock
Falak Daily Basmati Rice,1900.000,In Stock
Falak Extreme Rice,2575.000,In Stock
Guard Tibar Basmati Rice,370.000,In Stock
Guard Easy Cook Sella Rice,450.000,In Stock
Guard Tukra basmati Rice,1350.000,In Stock
Guard Easy Cook Sella Rice,2200.000,In Stock
Guard Tibar Basmati Rice,1800.000,In Stock
Guard Super Kernal Basmati Rice,2050.000,In Stock
Shahensha Ponia Rice,1015.000,In Stock
FALAK TAHARI RICE,1335.000,In Stock
FALAK EASY COOK SELLA BASMATIRICE,439.000,In Stock
GUARD SUPREME RICE,429.000,In Stock
GUARD SUPREME RICE,2129.000,In Stock
Chaseup Gurr,125.000,In Stock
Chaseup Powder Black Salt,15.000,In Stock
Chaseup Sugar,690.000,In Stock
Chaseup Iodized Refined Salt,35.000,In Stock
Chaseup Sugar,278.000,In Stock
Chaseup (G) Pink Himalayan Salt Pouch,35.000,In Stock
CHASEUP (G) BROWN SUGAR,149.000,In Stock
CHASEUP (G) BROWN SUGAR,290.000,In Stock
CHASEUP (G) GURR SHAKKAR,95.000,In Stock
Falak Himalayan Pink Salt,99.000,In Stock
Sugarie Granulated Sugar Pouch,233.000,In Stock
Sugarie Powder Brown Sugar,165.000,In Stock
Chashnik Granulated Brown Sugar Pouch,186.000,In Stock
Canderel Healthy Sweetener Jar,375.000,In Stock
National Iodized Salt,68.000,In Stock
National Table Salt,50.000,In Stock
FALAK DESI SHAKKAR JAGGERY POWDER JAR,499.000,In Stock
SHAN PINK HIMALAYAN SALT,75.000,In Stock
SHAN REFINED PLAIN SALT,60.000,In Stock
NATIONAL HIMALAYAN PINK SALT,88.000,In Stock
Sucral Sweetener Jar,495.000,In Stock
Mother Choice Soft Brown Sugar,135.000,In Stock
Sucral Drops Sweetener,142.000,In Stock
Sucral Tablet Sweetener,161.000,In Stock
Sucral Tablet Sweetener,295.000,In Stock
