name,price,currency,availability,url
Imported Dragon Fruit 1 Piece,2490,PKR,InStock,https://www.naheed.pk/imported-dragon-fruit-1-piece
Imported Blueberry 125g (Approx),1295,PKR,InStock,https://www.naheed.pk/imported-blueberry-125g-approx
Coconut Local 1-Piece,700,PKR,InStock,https://www.naheed.pk/coconut-local-1-piece
Imported Avocado 1 Piece,950,PKR,InStock,https://www.naheed.pk/imported-avocado-1-piece
Grapefruit Local 1 Piece,110,PKR,InStock,https://www.naheed.pk/grapefruit-local-1-piece
Imported Passion Fruit 500g (Approx),4500,PKR,InStock,https://www.naheed.pk/imported-passion-fruit-500g-approx
Pineapple Per Piece,2500,PKR,InStock,https://www.naheed.pk/pineapple-per-piece
Sweet Tamarind Local 250g,700,PKR,InStock,https://www.naheed.pk/sweet-tamarind-local-250g
"Fresh Basket Hass Avocado, 1 Piece",1500,PKR,InStock,https://www.naheed.pk/fresh-basket-hass-avocado-1-piece
Chikoo (Sapodilla) Local 500g,200,PKR,InStock,https://www.naheed.pk/chikoo-sapodilla-local-500g
Green Apple Local 1 KG,520,PKR,InStock,https://www.naheed.pk/green-apple-local-1-kg
Papaya 1 Piece,320,PKR,InStock,https://www.naheed.pk/papaya-1-piece
"Fresh Basket Pomegranate (Anaar), 1Kg",1600,PKR,InStock,https://www.naheed.pk/fresh-basket-pomegranate-anaar-1kg
Banana Local 1-Dozen,300,PKR,InStock,https://www.naheed.pk/banana-local-1-dozen
Desi Melon Local 1 Piece,240,PKR,InStock,https://www.naheed.pk/desi-melon-local-1-piece
Kiwi Local 250g,300,PKR,InStock,https://www.naheed.pk/kiwi-local-250g
Apple Irani 1 KG,630,PKR,InStock,https://www.naheed.pk/apple-irani-1-kg
Watermelon Local Per Piece,1050,PKR,InStock,https://www.naheed.pk/watermelon-local-per-piece
Sugarcane Local Pack,200,PKR,InStock,https://www.naheed.pk/sugarcane-local-pack
"Sweet Melon Local, 1 Piece",320,PKR,InStock,https://www.naheed.pk/sweet-melon-local-1-piece
"Fresh Basket Green Grapes, Local, 1 KG",2200,PKR,InStock,https://www.naheed.pk/fresh-basket-green-grapes-local-1-kg
Cucumber (Kheera) Local 500g,75,PKR,InStock,https://www.naheed.pk/cucumber-kheera-local-500g
Lemon (Leemun) Local 300g,320,PKR,InStock,https://www.naheed.pk/lemon-leemun-local-300g
Cauliflower (Phool Gobi) Local Per Piece,120,PKR,InStock,https://www.naheed.pk/cauliflower-phool-gobi-local-per-piece
Cherry Tomato Red Local 250g (Approx),600,PKR,InStock,https://www.naheed.pk/cherry-tomato-red-local-250g-approx
"Fresh Basket Baby Onion, 1 KG",100,PKR,InStock,https://www.naheed.pk/fresh-basket-baby-onion-1-kg
Okra (Bhindi) Local 500g,140,PKR,InStock,https://www.naheed.pk/okra-bhindi-local-500g
"Imported Bell Pepper, Red, 500g",900,PKR,InStock,https://www.naheed.pk/imported-bell-pepper-red-500g
White Onion (Pyaaz) 1 KG,650,PKR,InStock,https://www.naheed.pk/white-onion-pyaaz-1-kg
Sweet Corn Local 1-Piece,30,PKR,InStock,https://www.naheed.pk/sweet-corn-local-1-piece
Broccoli (Shakh Gobi) Local 500g,650,PKR,InStock,https://www.naheed.pk/broccoli-shakh-gobi-local-500g
"Fresh Basket White Button Mushrooms, Local, 250g",595,PKR,InStock,https://www.naheed.pk/fresh-basket-white-button-mushrooms-local-250g
Imported Baby Corn 125g (Approx),780,PKR,InStock,https://www.naheed.pk/imported-baby-corn-125g-approx
Cabbage (Gobi) Local Per Piece,40,PKR,InStock,https://www.naheed.pk/cabbage-gobi-local-per-piece
"Fresh Basket Fenugreek (Meethi) Leaves, Small",10,PKR,InStock,https://www.naheed.pk/fresh-basket-fenugreek-meethi-leaves-small
Garlic (Lehsan) Peled Local 250g,170,PKR,InStock,https://www.naheed.pk/garlic-lehsan-peled-local-250g
Coriander (Dhania) Leaves Local 1-Bunch,20,PKR,InStock,https://www.naheed.pk/coriander-dhania-leaves-local-1-bunch
Mint Leaves (Pudina) Local 1-Bunch,20,PKR,InStock,https://www.naheed.pk/mint-leaves-pudina-local-1-bunch
"Fresh Basket Rosemary Leaves, Imported",340,PKR,InStock,https://www.naheed.pk/fresh-basket-rosemary-leaves-imported
Bitter Gourd (Karela) Local 500g,80,PKR,InStock,https://www.naheed.pk/bitter-gourd-karela-local-500g
"Fresh Basket Ginger, 250g",150,PKR,InStock,https://www.naheed.pk/fresh-basket-ginger-250g
"Fresh Basket Desi Garlic, 250g",120,PKR,InStock,https://www.naheed.pk/fresh-basket-desi-garlic-250g
Turai Local 500g,110,PKR,InStock,https://www.naheed.pk/turai-local-500g
"Fresh Basket Lime Leaves, Imported, 30g, (Approx)",280,PKR,InStock,https://www.naheed.pk/fresh-basket-lime-leaves-imported-30g-approx
Malir Chilli (Mirchi) Local 250g,65,PKR,InStock,https://www.naheed.pk/malir-chilli-mirchi-local-250g
Onion (Pyaaz) 1 KG,80,PKR,InStock,https://www.naheed.pk/onion-pyaaz-1-kg
"Fresh Basket Curly Kale, Local, 80g (Approx)",370,PKR,InStock,https://www.naheed.pk/fresh-basket-curly-kale-local-80g-approx
"Fresh Basket Taro Root (Arvi), 500g",200,PKR,InStock,https://www.naheed.pk/fresh-basket-taro-root-arvi-500g
Imported Thyme Leaves,300,PKR,InStock,https://www.naheed.pk/imported-thyme-leaves
Iceberg Local 500g,300,PKR,InStock,https://www.naheed.pk/iceberg-local-500g
Beetroot (Chukandar) Local 250g,30,PKR,InStock,https://www.naheed.pk/beetroot-chukandar-local-250g
Fresh Basket Salad Leaves,55,PKR,InStock,https://www.naheed.pk/fresh-basket-salad-leaves
Cabbage (Gobi) Purple Local Per Piece,80,PKR,InStock,https://www.naheed.pk/cabbage-gobi-purple-local-per-piece
"Meat Expert Chicken Wings With Skin, Premium Cut, Fresh & Tender, 1000g Pack",970,PKR,InStock,https://www.naheed.pk/meat-expert-chicken-wings-with-skin-premium-cut-fresh-tender-1000g-pack
"Meat Expert Chicken Cut Mix Boti, Premium Cut, Fresh & Tender, 1000g Pack",1080,PKR,InStock,https://www.naheed.pk/meat-expert-chicken-cut-mix-boti-premium-cut-fresh-tender-1000g-pack
"Meat Expert Chicken Biryani Cut, Premium Cut, Fresh & Tender, 1000g Pack",1080,PKR,InStock,https://www.naheed.pk/meat-expert-chicken-biryani-cut-premium-cut-fresh-tender-1000g-pack
"Meat Expert Chicken Mince, Freshly Minced, 1000g Pack",1510,PKR,InStock,https://www.naheed.pk/meat-expert-chicken-mince-freshly-minced-1000g-pack
"Meat Expert Chicken Thigh Boneless, Premium Cut, Fresh & Tender, 1000g Pack",1510,PKR,InStock,https://www.naheed.pk/meat-expert-chicken-thigh-boneless-premium-cut-fresh-tender-1000g-pack
"Meat Expert Organic Chicken, Premium Cut, Fresh & Tender, 1000g Pack",2450,PKR,InStock,https://www.naheed.pk/meat-expert-organic-chicken-premium-cut-fresh-tender-1000g-pack
"Meat Expert Chicken Tikka Leg, Premium Cut, Fresh & Tender, 1000g Pack",1210,PKR,InStock,https://www.naheed.pk/meat-expert-chicken-tikka-leg-premium-cut-fresh-tender-1000g-pack
"Meat Expert Chicken Thigh With Bone, Premium Cut, Fresh & Tender, 1000g Pack",1310,PKR,InStock,https://www.naheed.pk/meat-expert-chicken-thigh-with-bone-premium-cut-fresh-tender-1000g-pack
"Meat Expert Chicken Boneless, Premium Cut, Fresh & Tender, 1000g Pack",1510,PKR,InStock,https://www.naheed.pk/meat-expert-chicken-boneless-premium-cut-fresh-tender-1000g-pack
"Meat Expert Chicken Boneless Breast Cubes, Premium Cut, Fresh & Tender, 1000g Pack",1510,PKR,InStock,https://www.naheed.pk/meat-expert-chicken-boneless-breast-cubes-premium-cut-fresh-tender-1000g-pack
"Meat Expert Chicken Drumsticks, Premium Cut, Fresh & Tender, 1000g Pack",1210,PKR,InStock,https://www.naheed.pk/meat-expert-chicken-drumsticks-premium-cut-fresh-tender-1000g-pack
"Meat Expert Chicken Wings Without Skin, Premium Cut, Fresh & Tender, 1000g Pack",970,PKR,InStock,https://www.naheed.pk/meat-expert-chicken-wings-without-skin-premium-cut-fresh-tender-1000g-pack
"Meat Expert Chicken Boneless Strips, Premium Cut, Fresh & Tender, 1000g Pack",1510,PKR,InStock,https://www.naheed.pk/meat-expert-chicken-boneless-strips-premium-cut-fresh-tender-1000g-pack
"Meat Expert Chicken Karahi Cut, Premium Cut, Fresh & Tender, 1000g Pack",1080,PKR,InStock,https://www.naheed.pk/meat-expert-chicken-karahi-cut-premium-cut-fresh-tender-1000g-pack
"Meat Expert Beef Brain/Maghaz, Fresh & Tender ,  1 Piece",950,PKR,InStock,https://www.naheed.pk/meat-expert-beef-brain-maghaz-fresh-tender-1-piece
"Meat Expert Beef Boneless, Premium Cut, Fresh & Tender, 1000g Pack",1850,PKR,InStock,https://www.naheed.pk/meat-expert-beef-boneless-premium-cut-fresh-tender-1000g-pack
"Meat Expert Beef Mince/Qeema, Freshly Minced, 1000g Pack",1850,PKR,InStock,https://www.naheed.pk/meat-expert-beef-mince-qeema-freshly-minced-1000g-pack
"Meat Expert Beef Undercut, Premium Cut, Fresh & Tender, 1000g Pack",4450,PKR,InStock,https://www.naheed.pk/meat-expert-beef-undercut-premium-cut-fresh-tender-1000g-pack
"Meat Expert Beef Boneless Boti Cut, Premium Cut, Fresh & Tender, 1000g Pack",1810,PKR,InStock,https://www.naheed.pk/meat-expert-beef-boneless-boti-cut-premium-cut-fresh-tender-1000g-pack
"Meat Expert Mutton Front Chops, Premium Cut, Fresh & Tender, 1000g Pack",2800,PKR,InStock,https://www.naheed.pk/meat-expert-mutton-front-chops-premium-cut-fresh-tender-1000g-pack
"Meat Expert Mutton Neck Boti, Premium Cut, Fresh & Tender, 1000g Pack",2700,PKR,InStock,https://www.naheed.pk/meat-expert-mutton-neck-boti-premium-cut-fresh-tender-1000g-pack
"Meat Expert Mutton Back Chops, Premium Cut, Fresh & Tender, 1000g Pack",3000,PKR,InStock,https://www.naheed.pk/meat-expert-mutton-back-chops-premium-cut-fresh-tender-1000g-pack
"Meat Expert Mutton Shoulder Cut, Premium Cut, Fresh & Tender, 1000g Pack",3000,PKR,InStock,https://www.naheed.pk/meat-expert-mutton-shoulder-cut-premium-cut-fresh-tender-1000g-pack
"Meat Expert Mutton Mince/Qeema, Freshly Minced, 1000g Pack",2680,PKR,InStock,https://www.naheed.pk/meat-expert-mutton-mince-qeema-freshly-minced-1000g-pack
"Meat Expert Mutton Breast Cut, Premium Cut, Fresh & Tender, 1000g Pack",2350,PKR,InStock,https://www.naheed.pk/meat-expert-mutton-breast-cut-premium-cut-fresh-tender-1000g-pack
"Meat Expert Mutton Mix Boti, Premium Cut, Fresh & Tender, 1000g Pack",2900,PKR,InStock,https://www.naheed.pk/meat-expert-mutton-mix-boti-premium-cut-fresh-tender-1000g-pack
"Meat Expert Mutton Kidney 6 Pieces, Premium Cut, Fresh & Tender, 1000g Pack",570,PKR,InStock,https://www.naheed.pk/meat-expert-mutton-kidney-6-pieces-premium-cut-fresh-tender-1000g-pack
"Meat Expert Mutton Leg Boti, Premium Cut, Fresh & Tender, 1000g Pack",3250,PKR,InStock,https://www.naheed.pk/meat-expert-mutton-leg-boti-premium-cut-fresh-tender-1000g-pack
"Meat Expert Mutton Paya Pack of 6, Premium Cut, Fresh & Tender, 1000g Pack",1050,PKR,InStock,https://www.naheed.pk/meat-expert-mutton-paya-pack-of-6-premium-cut-fresh-tender-1000g-pack
"Earth Bar Natural Rolled Wheat Whole Grain Cereal, 300g",450,PKR,InStock,https://www.naheed.pk/earth-bar-natural-rolled-wheat-whole-grain-cereal-300g
"The Earth's Classic Rolled Barley, Whole Grain Cereal, 300g",550,PKR,InStock,https://www.naheed.pk/the-earth-s-classic-rolled-barley-whole-grain-cereal-300g
Weetabix Bran Flakes 500g,2050,PKR,InStock,https://www.naheed.pk/weetabix-bran-flakes-500g
"The Fruit Company Granola Choco Barks & Oreo, 70% Dark Chocolate, High Protein, Low Carbs, 60g",425,PKR,InStock,https://www.naheed.pk/the-fruit-company-granola-choco-barks-oreo-70-dark-chocolate-high-protein-low-carbs-60g
"Nestle Koko Krunch Cereal, Whole Grain, 300g",1520,PKR,InStock,https://www.naheed.pk/nestle-koko-krunch-cereal-whole-grain-300g
"Kellogg's Corn Flakes, Original, 500g",2165,PKR,InStock,https://www.naheed.pk/kellogg-s-corn-flakes-original-500g
"Kellogg's Corn Flakes, Original 1000g",3725,PKR,InStock,https://www.naheed.pk/kellogg-s-corn-flakes-original-1000g
"Milo Breakfast Cereal, 150g",750,PKR,InStock,https://www.naheed.pk/milo-breakfast-cereal-150g
Fauji Rice Flakes 250gm,615,PKR,InStock,https://www.naheed.pk/fauji-rice-flakes-250gm
Fauji Choco Corn Flakes 250gm,690,PKR,InStock,https://www.naheed.pk/fauji-choco-corn-flakes-250gm
"Fauji Frosted Flakes, No Preservatives, 250g",700,PKR,InStock,https://www.naheed.pk/fauji-frosted-flakes-no-preservatives-250g
Comelle Full Cream Milk Powder 400g,895,PKR,InStock,https://www.naheed.pk/comelle-full-cream-milk-powder-400g
"Alba Corn Flakes, Original, 250g",700,PKR,InStock,https://www.naheed.pk/alba-corn-flakes-original-250g
"Alba Krispy Crunch, High Fiber Delicious Cereal, Gluten, Milk, Soy & Hazelnuts, 250gm",765,PKR,InStock,https://www.naheed.pk/alba-krispy-crunch-high-fiber-delicious-cereal-gluten-milk-soy-hazelnuts-250gm
Fauji Wheat Flakes 250gm,620,PKR,InStock,https://www.naheed.pk/fauji-wheat-flakes-250gm
Fauji Fauji Chocolate Pops 250gm,750,PKR,InStock,https://www.naheed.pk/fauji-fauji-chocolate-pops-250gm
"Alba Instant Wholegrain Oats Flakes Pouch, Soluble Fiber, Reduce Cholesterol, 450g",450,PKR,InStock,https://www.naheed.pk/alba-instant-wholegrain-oats-flakes-pouch-soluble-fiber-reduce-cholesterol-450g
"Nutri Lov Honey Almond Crunchy Cereal, 70g",335,PKR,InStock,https://www.naheed.pk/nutri-lov-crunchy-cereal-honey-almond-70gm
"Kellogg's Special K Original Flakes, 335g",1800,PKR,InStock,https://www.naheed.pk/kellogg-s-special-k-original-flakes-335g
Fauji Corn Flakes 250gm,540,PKR,InStock,https://www.naheed.pk/fauji-corn-flakes-250gm
"Nestle Koko Krunch, Econo Pack, 450g",1850,PKR,InStock,https://www.naheed.pk/nestle-koko-krunch-econo-pack-450g
Fauji Honey Corn Flakes 250gm,690,PKR,InStock,https://www.naheed.pk/fauji-honey-corn-flakes-250gm
"Weetabix Original Wholegrain Cereal, 430g 24-Pack",1899,PKR,InStock,https://www.naheed.pk/weetabix-original-wholegrain-cereal-430g-24-pack
"Fauji Fit-O-Fiber Multigrain Flakes, 250g",680,PKR,InStock,https://www.naheed.pk/fauji-fit-o-fiber-multigrain-flakes-250g
"Milo Breakfast Cereal, 300g",1450,PKR,InStock,https://www.naheed.pk/milo-breakfast-cereal-300g
Weetabix Fruit & Fiber 500g,2320,PKR,InStock,https://www.naheed.pk/weetabix-fruit-fiber-500g
"Nestle Gold Corn Flakes, Whole Grain, 375g",1080,PKR,InStock,https://www.naheed.pk/nestle-gold-corn-flakes-whole-grain-375g
Fauji Corn Flakes Mango 250gm,600,PKR,InStock,https://www.naheed.pk/fauji-corn-flakes-mango-250gm
Fauji Corn Flakes 500gm,945,PKR,InStock,https://www.naheed.pk/fauji-corn-flakes-500gm
"Fauji Choco Chuckles Multigrain Cereal, 250g",770,PKR,InStock,https://www.naheed.pk/fauji-choco-chuckles-multigrain-cereal-250g
Fauji Corn Flakes Strawberry 250gm,600,PKR,InStock,https://www.naheed.pk/fauji-corn-flakes-strawberry-250gm
Milo Cereal 80g Pouch,350,PKR,InStock,https://www.naheed.pk/milo-cereal-80g-pouch
"Dairy Life Pizza Topping Shredded Cheese, 400g",1050,PKR,InStock,https://www.naheed.pk/dairy-life-pizza-topping-shredded-cheese-400g
Puck Cream Cheese Spread 140g,650,PKR,InStock,https://www.naheed.pk/puck-cream-cheese-spread-140g
"Fresh Street Frozen Shredded Cheddar Cheese, Made with Pure Milk, Perfect for Cooking & Snacking, 200g",780,PKR,InStock,https://www.naheed.pk/fresh-street-cheddar-shredded-cheese-200gm
"Dairy Life Pizza Cheese Block, 400g",1250,PKR,InStock,https://www.naheed.pk/dairy-life-pizza-cheese-block-400g
"Dairy Life Mozzarella Cheese  Block, 200g",670,PKR,InStock,https://www.naheed.pk/dairy-life-mozzarella-cheese-block-200g
"Almarai Burger Cheese Slices, 200g",1290,PKR,InStock,https://www.naheed.pk/almarai-burger-cheese-slices-200g
Happy Cow Regular 10 Slices 200g,1230,PKR,InStock,https://www.naheed.pk/happy-cow-regular-10-slices-200g
Happy Cow Regular 60 Slices 840g,3865,PKR,InStock,https://www.naheed.pk/happy-cow-regular-60-slices-840g
Almarai Feta Cheese Full Cream 200g,1200,PKR,InStock,https://www.naheed.pk/almarai-feta-cheese-full-cream-200g
"Deen's Mozzarella Cheese, 200g",650,PKR,InStock,https://www.naheed.pk/deen-s-mozzarella-cheese-200g
"Fresh Street Salted Butter, 200g",720,PKR,InStock,https://www.naheed.pk/fresh-street-salted-butter-200g
"Deen's Cheddatr Slice Cheese, 1kg",1965,PKR,InStock,https://www.naheed.pk/deen-s-cheddatr-slice-cheese-1kg
"Fresh Street Un-Salted Butter Portions, 8g Each, 10-Pack",575,PKR,InStock,https://www.naheed.pk/fresh-street-un-salted-butter-portions-8g-each-10-pack
"Swiss Premium Cheddar Cheese Tin, 180g",575,PKR,InStock,https://www.naheed.pk/swiss-premium-cheddar-cheese-tin-180g
"Fresh Street Un-Salted Butter, 200g",720,PKR,InStock,https://www.naheed.pk/fresh-street-un-salted-butter-200g
Adam's Cheddar Cheese 200g,600,PKR,InStock,https://www.naheed.pk/adam-s-cheddar-cheese-200g
"Nurpur Full Cream Milk Tetra Pack, 250ml",90,PKR,InStock,https://www.naheed.pk/nurpur-full-cream-milk-250ml-tetra-pack
"Deen's Burger Singles Cheese, 10 Singles, Net 200g",555,PKR,InStock,https://www.naheed.pk/deen-s-burger-singles-cheese-10-singles-net-200g
"Fresh Street Crunchy Peanut Butter, 340g + Creamy Biscuit Spread, 380g, Bundle Offer",2300,PKR,InStock,https://www.naheed.pk/fresh-street-crunchy-peanut-butter-340g-creamy-biscuit-spread-380g-bundle-offer
"Fresh Street Mozzarella Shredded Cheese, 200g",780,PKR,InStock,https://www.naheed.pk/fresh-street-mozzarella-shredded-cheese-200g
"Pinar Cheddar Cheese Spread, 500g",2050,PKR,InStock,https://www.naheed.pk/pinar-cheddar-cheese-spread-500g
"Dairy Life Chedder Cheese  Block, 200g",600,PKR,InStock,https://www.naheed.pk/dairy-life-chedder-cheese-block-200g
"Fresh Street Salted Un-Salted Butter, 100g",380,PKR,InStock,https://www.naheed.pk/fresh-street-salted-un-salted-butter-100g
"Fresh Street Peanut Butter, Crunchy, 340g",1250,PKR,InStock,https://www.naheed.pk/fresh-street-peanut-butter-crunchy-340g
"Almarai Cheese Slices, Low Fat, 200g",1370,PKR,InStock,https://www.naheed.pk/almarai-cheese-slices-low-fat-200g
"President Cheddar Cheese Sandwich Slices, 10-Pack",1950,PKR,InStock,https://www.naheed.pk/president-cheddar-cheese-sandwich-slices-10-pack
"Fresh Street Pizza Shredded Cheese, 200g - Premium, Melting Cheese for Pizza, Pasta & More",680,PKR,InStock,https://www.naheed.pk/fresh-street-pizza-shredded-cheese-200g-premium-melting-cheese-for-pizza-pasta-more
Adam's Buffalo Mozzarella Cheese 2 KG,4990,PKR,InStock,https://www.naheed.pk/adam-s-buffalo-mozzarella-cheese-2-kg
Puck Cream Cheese Spread 240g,1075,PKR,InStock,https://www.naheed.pk/puck-cream-cheese-spread-240g
"President 0% Fat Extra Light Cheese, 10 Slices, 200g",2199,PKR,InStock,https://www.naheed.pk/president-0-fat-extra-light-cheese-10-slices-200g
"Fresh Street Garlic & Herbs Butter, 100g",1250,PKR,InStock,https://www.naheed.pk/fresh-street-garlic-herbs-butter-100gm
"Fresh Street Salted Butter, 100g",380,PKR,InStock,https://www.naheed.pk/fresh-street-salted-butter-100g
"Nhat Huong Silver Whip, Non-Dairy Topping Cream, 1 KG",1849,PKR,InStock,https://www.naheed.pk/nhat-huong-silver-whip-non-dairy-topping-cream-1-kg
"Rich's Whip Topping Base, Non-Dairy Topping, 2 KG",2499,PKR,InStock,https://www.naheed.pk/rich-s-whip-topping-base-non-dairy-topping-2-kg
Adam's Cheddar Cheese Singles 1 KG,2045,PKR,InStock,https://www.naheed.pk/adam-s-cheddar-cheese-singles-1-kg
Nestle Milkpak Cream 200ml,230,PKR,InStock,https://www.naheed.pk/nestle-milkpak-cream-200ml
"Fresh Street Peanut Butter, Creamy, 340g",1250,PKR,InStock,https://www.naheed.pk/fresh-street-peanut-butter-creamy-340g
"Fresh Street Garlic & Herbs Butter Portions, 10g Each, 10-Pack",1210,PKR,InStock,https://www.naheed.pk/fresh-street-garlic-herbs-butter-portions-10g-each-10-pack
"Deen's Mozzarella Cheese, 1kg",2520,PKR,InStock,https://www.naheed.pk/deen-s-mozzarella-cheese-1kg
"Dairy Life Pizza Shredded Cheese, 200g",685,PKR,InStock,https://www.naheed.pk/dairy-life-pizza-shredded-cheese-200g
"Cottage Processed Cheddar Cheese, Slab, 200g",598,PKR,InStock,https://www.naheed.pk/cottage-processed-cheddar-cheese-slab-200g
"Fresh Street Salted Butter Portions, 8g Each, 10-Pack",575,PKR,InStock,https://www.naheed.pk/fresh-street-salted-butter-portions-8g-each-10-pack
"Kraft Light Cheese Slices, 200g, 10-Pack",1865,PKR,InStock,https://www.naheed.pk/kraft-light-cheese-slices-200g-10-pack
Happy Cow Regular 24 Slices,2209,PKR,InStock,https://www.naheed.pk/happy-cow-regular-24-slices
"Shangrila Habanero ketchup, 400g",230,PKR,InStock,https://www.naheed.pk/shangrila-habanero-ketchup-400g
"Dipitt Tabasco Sauce, 60ml",225,PKR,InStock,https://www.naheed.pk/dipitt-tabasco-sauce-60ml
"Fresh Street Apple Cider Vinegar, 473ml",320,PKR,InStock,https://www.naheed.pk/fresh-street-apple-cider-vinegar-473ml
Shan Tamarind Chutney 315gm,400,PKR,InStock,https://www.naheed.pk/shan-tamarind-chutney-315gm
"Sanfarina Farms Ouch! Hot Sauce, 160g",575,PKR,InStock,https://www.naheed.pk/sanfarina-farms-ouch-hot-sauce-160g
National Mango Pickle 320gm,300,PKR,InStock,https://www.naheed.pk/national-mango-pickle-320gm
Shan Mango Pickle 1000gm,750,PKR,InStock,https://www.naheed.pk/shan-mango-pickle-1000gm
"Shangrila Garlic Chilli Sauce, 3.25 KG",1200,PKR,InStock,https://www.naheed.pk/shangrila-garlic-chilli-sauce-3-25-kg
Mitchell's Chilly Garlic Sauce 300g,285,PKR,InStock,https://www.naheed.pk/mitchell-s-chilly-garlic-sauce-300g
"Mitchell's Kachumar Achaar, 340g",410,PKR,InStock,https://www.naheed.pk/mitchell-s-kachumar-achaar-340g
"Delmonte Sliced Green Olives, 450g",1250,PKR,InStock,https://www.naheed.pk/delmonte-sliced-green-olives-450g
"Shezan Satrang Pickle In Oil, Jar, 310g",275,PKR,InStock,https://www.naheed.pk/shezan-satrang-pickle-in-oil-jar-310g
"Shezan Hyderabady Pickle In Oil, Jar, 310g",275,PKR,InStock,https://www.naheed.pk/shezan-hyderabady-pickle-in-oil-jar-310g
Mehran Mango Pickle 320g,295,PKR,InStock,https://www.naheed.pk/mehran-mango-pickle-320g
"Fresh Street Tex Mex Sauce Squeeze, 500ml",1750,PKR,InStock,https://www.naheed.pk/fresh-street-tex-mex-sauce-squeeze-500ml
Salmans Spaghetti Pasta Sauce 370g,445,PKR,InStock,https://www.naheed.pk/salmans-spaghetti-pasta-sauce-370g
"Falak Ginger Paste, 300g",590,PKR,InStock,https://www.naheed.pk/falak-ginger-paste-300g
Shangrila Chilli Sauce 800ml,290,PKR,InStock,https://www.naheed.pk/shangrila-chilli-sauce-800ml
Mehran Lemon Pickle 340g,320,PKR,InStock,https://www.naheed.pk/mehran-lemon-pickle-340g
"National Ketchup Pouch, 400g",240,PKR,InStock,https://www.naheed.pk/national-ketchup-pouch-400g
Mehran Chilli Garlic Sauce 500g,160,PKR,InStock,https://www.naheed.pk/mehran-chilli-garlic-sauce-500g
"Shangrila Chunks Mixed Pickle, 750g",650,PKR,InStock,https://www.naheed.pk/shangrila-chunks-mixed-pickle-750g
Mitchell's Mixed Hyderabadi Pickle 340g,325,PKR,InStock,https://www.naheed.pk/mitchell-s-mixed-hyderabadi-pickle-340g
Mehran Tomato Ketchup 500g,160,PKR,InStock,https://www.naheed.pk/mehran-tomato-ketchup-500g
"Shezan Green Chilli Sauce, 300g",255,PKR,InStock,https://www.naheed.pk/shezan-green-chilli-sauce-300g
Shan Hyderabadi Pickle 320gm,375,PKR,InStock,https://www.naheed.pk/shan-hyderabadi-pickle-320gm
"Fresh Street Tomato Ketchup, Pet Bottle, 340g ",500,PKR,InStock,https://www.naheed.pk/fresh-street-tomato-ketchup-pet-bottle-340g
Knorr Ketchup Pouch 800g ,450,PKR,InStock,https://www.naheed.pk/knorr-ketchup-pouch-800g
Mehran Chilli Garlic Sauce 1 KG,255,PKR,InStock,https://www.naheed.pk/mehran-chilli-garlic-sauce-1-kg
"Lay's French Onion Dip Sauce Jar, 425.2g",1985,PKR,InStock,https://www.naheed.pk/lay-s-french-onion-dip-sauce-jar-425-2g
"Best Day Mixed Vegetables Pickled In Brine and Vinegar, 970g",1420,PKR,InStock,https://www.naheed.pk/best-day-mixed-vegetables-pickled-in-brine-and-vinegar-970g
"Shangrila Tomato Ketchup Pouch, 400g ",210,PKR,InStock,https://www.naheed.pk/shangrila-tomato-ketchup-pouch-400g
Malka Delhi Nihari Masala 60g,140,PKR,InStock,https://www.naheed.pk/malka-delhi-nihari-masala-60g
Mehran Qorma Masala 100g,250,PKR,InStock,https://www.naheed.pk/mehran-qorma-masala-100g
Mehran Chapli Kabab Masala 50g,130,PKR,InStock,https://www.naheed.pk/mehran-chapli-kabab-masala-50g
Mehran Yakhni Pullao Masala 50g,120,PKR,InStock,https://www.naheed.pk/mehran-yakhni-pullao-masala-50g
Mehran Fish Fry Masala 50g,130,PKR,InStock,https://www.naheed.pk/mehran-fish-fry-masala-50g
"Malka Mughlai Pulao Masala, 50g",140,PKR,InStock,https://www.naheed.pk/malka-mughlai-pulao-masala-50g
Mehran Nihari Masala 60g,130,PKR,InStock,https://www.naheed.pk/mehran-nihari-masala-60g
Mehran Garam Masala Powder 50g,320,PKR,InStock,https://www.naheed.pk/mehran-garam-masala-powder-50g
Mehran Qorma Masala 50g,130,PKR,InStock,https://www.naheed.pk/mehran-qorma-masala-50g
Mehran Ginger Powder 50g,155,PKR,InStock,https://www.naheed.pk/mehran-ginger-powder-50g
"Malka Tikka Boti Masala, 50g",140,PKR,InStock,https://www.naheed.pk/malka-tikka-boti-masala-50g
"Daali Coriander (Dhania) Powder, 100g",200,PKR,InStock,https://www.naheed.pk/daali-coriander-dhania-powder-100g
Mehran Bihari Kabab Masala 50g,130,PKR,InStock,https://www.naheed.pk/mehran-bihari-kabab-masala-50g
Mehran Cumin Powder 50g,300,PKR,InStock,https://www.naheed.pk/mehran-cumin-powder-50g
"Malka Sindhi Biryani Masala, 60g",120,PKR,InStock,https://www.naheed.pk/malka-sindhi-biryani-masala-60g
Chef's Pride American Broast Mix 200g,185,PKR,InStock,https://www.naheed.pk/chef-s-pride-american-broast-mix-200g
Mehran Curry Powder (Salan Masala) 100g,220,PKR,InStock,https://www.naheed.pk/mehran-curry-powder-salan-masala-100g
"Daali Red Chilli (Laal Mirch) Powder, 200g",343,PKR,InStock,https://www.naheed.pk/daali-red-chilli-laal-mirch-powder-200g
"Malka Bihari Kabab Masala, 50g",140,PKR,InStock,https://www.naheed.pk/malka-bihari-kabab-masala-50g
"Malka Lahori Paya Masala, 50g",120,PKR,InStock,https://www.naheed.pk/malka-lahori-paya-masala-50g
Mehran Malai Boti Masala 40g,130,PKR,InStock,https://www.naheed.pk/mehran-malai-boti-masala-40g
Mehran Red Chilli Powder 200g,390,PKR,InStock,https://www.naheed.pk/mehran-red-chilli-powder-200g
Mehran Turmeric Powder 50g,90,PKR,InStock,https://www.naheed.pk/mehran-turmeric-powder-50g
Shan Shami Kabab Recipe Masala 50gm,140,PKR,InStock,https://www.naheed.pk/shan-shami-kabab-recipe-masala-50gm
"Malka Hyderabadi Achar Gosht Masala, Gluten Free, 50g",120,PKR,InStock,https://www.naheed.pk/malka-hyderabadi-achar-gosht-masala-gluten-free-50g
Mehran Tikka Boti Masala 50g,130,PKR,InStock,https://www.naheed.pk/mehran-tikka-boti-masala-50g
Mehran Tandoori Masala 50g,140,PKR,InStock,https://www.naheed.pk/mehran-tandoori-masala-50g
"Malka Bombay Biryani Masala, 65g",140,PKR,InStock,https://www.naheed.pk/malka-bombay-biryani-masala-65g
Mehran Achar Gosht Masala 100g,230,PKR,InStock,https://www.naheed.pk/mehran-achar-gosht-masala-100g
Mehran Coriander Powder 100g,175,PKR,InStock,https://www.naheed.pk/mehran-coriander-powder-100g
Mehran Fry/Karahi Gosht Masala 100g,230,PKR,InStock,https://www.naheed.pk/mehran-fry-karahi-gosht-masala-100g
"Malka Tandoori Masala, 50g",120,PKR,InStock,https://www.naheed.pk/malka-tandoori-masala-50g
"Arizona Fields Coconut Cream, 400ml",550,PKR,InStock,https://www.naheed.pk/arizona-fields-coconut-cream-400ml
"Delmonte Fiesta Fruit Cocktail, 432g",575,PKR,InStock,https://www.naheed.pk/delmonte-fiesta-fruit-cocktail-432g
John West Sardines In Sunflower Oil 120g,1065,PKR,InStock,https://www.naheed.pk/john-west-sardines-in-sunflower-oil-120g
Mitchell's Garden Peas 850g,550,PKR,InStock,https://www.naheed.pk/mitchell-s-garden-peas-850g
"Haut Notch Mix Fruit, In Light Syrup, 850g",999,PKR,InStock,https://www.naheed.pk/haut-notch-mix-fruit-in-light-syrup-850g
John West Sardines In Tomato Sauce 120g,1065,PKR,InStock,https://www.naheed.pk/john-west-sardines-in-tomato-sauce-120g
"Nature's Own Brand Mushrooms Slice, Tin, 400g",430,PKR,InStock,https://www.naheed.pk/nature-s-own-brand-mushrooms-slice-tin-400g
"Fruitamins Red Cherry, 400g",570,PKR,InStock,https://www.naheed.pk/fruitamins-red-cherry-400g
"American G.Whole Black Olives, 450g",1425,PKR,InStock,https://www.naheed.pk/american-g-whole-black-olives-450g
"Arizona Fields Sweet Corn, Tin, 380g",350,PKR,InStock,https://www.naheed.pk/arizona-fields-sweet-corn-tin-400g
"Italiano Dried Mushrooms, 30g",450,PKR,InStock,https://www.naheed.pk/italiano-dried-mushrooms-30g
"Fruitamins Pineapple Slices In Heavy Syrup, Tasty & Delicious Canned Fruit, 545g",665,PKR,InStock,https://www.naheed.pk/fruitamins-pineapple-slices-in-heavy-syrup-tasty-delicious-canned-fruit-545g
Delmonte Fiesta Fruit Cocktail 3.03Kg,2499,PKR,InStock,https://www.naheed.pk/delmonte-fiesta-fruit-cocktail-3-03kg
"Haut Notch Light Chunks Tuna In Water & Salt, 170g",955,PKR,InStock,https://www.naheed.pk/haut-notch-light-chunks-tuna-in-water-salt-170g
"Fruitamins Strawberries, 410g",530,PKR,InStock,https://www.naheed.pk/fruitamins-strawberries-410g
John West Tuna Chunks Sunflower Oil 145g,1165,PKR,InStock,https://www.naheed.pk/john-west-tuna-chunks-sunflower-oil-145g
"American G.Sliced Black Olives, 450g",1425,PKR,InStock,https://www.naheed.pk/american-g-sliced-black-olives-450g
"Nature's Own Brand Mushrooms Whole, Tin, 400g",460,PKR,InStock,https://www.naheed.pk/nature-s-own-brand-mushrooms-whole-tin-400g
"Mitchell's Lahori Chanay, 410g Tin",575,PKR,InStock,https://www.naheed.pk/mitchell-s-lahori-chanay-410g-tin
"Arizona Fields Canned Lychee, 567g",725,PKR,InStock,https://www.naheed.pk/arizona-fields-canned-lychee-567g
"Clean Greens Sanfarina Farms Sun-Dried Tomato With Olive Oil, 170g",925,PKR,InStock,https://www.naheed.pk/clean-greens-sanfarina-farms-sun-dried-tomato-with-olive-oil-170g
"Salman's Tomato Puree, For Cooking, 370g",445,PKR,InStock,https://www.naheed.pk/salman-s-tomato-puree-for-cooking-370g
"Sun Gold White Button Mushrooms Whole, 400g Tin",365,PKR,InStock,https://www.naheed.pk/sun-gold-white-button-mushrooms-whole-400g-tin
Delmonte Pineapple Slices 822g,1100,PKR,InStock,https://www.naheed.pk/delmonte-pineapple-slices-822g
"Arizona Fields Baby Corn, Halal, 425g",450,PKR,InStock,https://www.naheed.pk/arizona-fields-baby-corn-halal-425g
Mitchell's Chick Peas 440g,450,PKR,InStock,https://www.naheed.pk/mitchell-s-chick-peas-440g
"Polac Pineapple Slices In Heavy Syrup, 565g",599,PKR,InStock,https://www.naheed.pk/polac-pineapple-slices-in-heavy-syrup-565gm
"American Green Whole Champignons Muhrooms, 400g",450,PKR,InStock,https://www.naheed.pk/american-green-whole-champignons-muhrooms-400g
Mitchell's Garden Peas 450g,400,PKR,InStock,https://www.naheed.pk/mitchell-s-garden-peas-450g
"American G.Pitted Black Olives, 450g",1425,PKR,InStock,https://www.naheed.pk/american-g-pitted-black-olives-450g
John West Sardines In Brine 120g,1065,PKR,InStock,https://www.naheed.pk/john-west-sardines-in-brine-120g
American Garden Strawberry Topping & Filling 595g,2350,PKR,InStock,https://www.naheed.pk/american-garden-strawberry-topping-filling-595g
"Reggia Nutri Mio Fusilli, 400g",1195,PKR,InStock,https://www.naheed.pk/reggia-nutri-mio-fusilli-400g
"Knorr Cheesy Chatt Patta Noodles, 66g",90,PKR,InStock,https://www.naheed.pk/knorr-cheesy-chatt-patta-noodles-66g
"Reggia Gomiti Rigati Pasta, 500g",450,PKR,InStock,https://www.naheed.pk/reggia-gomiti-rigati-pasta-500g
"Luigi Tomadini Penne Rigate Pasta, 500g",395,PKR,InStock,https://www.naheed.pk/luigi-tomadini-penne-rigate-pasta-500gm
Bake Parlor Biryani Macaroni 250gm Box,155,PKR,InStock,https://www.naheed.pk/bake-parlor-biryani-macaroni-250gm-box
"Syed Flour Mills Diet Slanty, Wheat & Gluten Free, 200g",150,PKR,InStock,https://www.naheed.pk/syed-flour-mills-diet-slanty-wheat-gluten-free-200g
"Yes Chef Original Fajita Mix 3 Steps, 32g + 5g",198,PKR,InStock,https://www.naheed.pk/yes-chef-original-fajita-mix-3-steps-32g-5g
"Nissin Hot Carbo Instant Noodles Bowl, Spicy Korean-Style Ramen, 104g",675,PKR,InStock,https://www.naheed.pk/nissin-hot-carbo-noodles-bowl-104gm
"Knorr Noodles Chicken Party Pack, No Added Colors or Preservatives, One Serve 50g, 6-Packs Inside",299,PKR,InStock,https://www.naheed.pk/knorr-noodles-chicken-party-pack-no-added-colors-or-preservatives-one-serve-50g-6-packs-inside
"Bake Parlour Qeema Macaroni Box, 250g",155,PKR,InStock,https://www.naheed.pk/bake-parlour-qeema-macaroni-box-250g
"Reggia Farfalle Pasta, 500g",625,PKR,InStock,https://www.naheed.pk/reggia-farfalle-pasta-500g
"Reggia Nutri Bio Spaghetti, 500g",690,PKR,InStock,https://www.naheed.pk/reggia-nutri-bio-spaghetti-500g
"Reggia Nutri Bio Fusilli, 500g",690,PKR,InStock,https://www.naheed.pk/reggia-nutri-bio-fusilli-500g
"Lily & Co Egg Noodles, 227g",170,PKR,InStock,https://www.naheed.pk/lily-co-egg-noodles-227g
"Reggia Elbows Pasta, 500g",450,PKR,InStock,https://www.naheed.pk/reggia-elbows-pasta-500g
"Kolson Chicken Ginger Macaroni, 250g",160,PKR,InStock,https://www.naheed.pk/kolson-chicken-ginger-macaroni-250g
"Nissin Hot Chicken Instant Noodles Bowl, Spicy Korean-Style Ramen, 100g",675,PKR,InStock,https://www.naheed.pk/nissin-hot-chicken-noodles-bowl-100gm
"Yes Chef Honey Sesame Glaze Mix 5 Steps, 32g + 5g",198,PKR,InStock,https://www.naheed.pk/yes-chef-honey-sesame-glaze-mix-5-steps-32g-5g
"Reggia Fusilli Tricolore Pasta, 500g",690,PKR,InStock,https://www.naheed.pk/reggia-fusilli-tricolore-pasta-500g
"Knorr Chicken Noodles, 110g",90,PKR,InStock,https://www.naheed.pk/knorr-chicken-noodles-110g
"Reggia Nutri Mio Penne Rigate, 400g",1195,PKR,InStock,https://www.naheed.pk/reggia-nutri-mio-penne-rigate-400g
"Nissin Cup Noodle Chicken Flavour, 67g",485,PKR,InStock,https://www.naheed.pk/nissin-cup-noodle-chicken-flavour-67g
"Bake Parlour Hara Masala Spaghetti Box, 250g",150,PKR,InStock,https://www.naheed.pk/bake-parlour-hara-masala-spaghetti-box-250g
"Reggia Gemelli Pasta, 500g",450,PKR,InStock,https://www.naheed.pk/reggia-gemelli-pasta-500g
"Reggia Penne Ziti Rigate Pasta, 500g",450,PKR,InStock,https://www.naheed.pk/reggia-penne-ziti-rigate-pasta-500g
"Reggia Cavatappi Pasta, 500g",450,PKR,InStock,https://www.naheed.pk/reggia-cavatappi-pasta-500g
"Knorr Noodles Chicken, 264g, 66g x 4-Pack",199,PKR,InStock,https://www.naheed.pk/knorr-noodles-chicken-264g-66g-x-4-pack
"Pantanella Fettuccine Pasta, Round Shape, No. 202, 500g",650,PKR,InStock,https://www.naheed.pk/pantanella-fettuccine-pasta-round-shape-no-202-500g
"Crispo Spicy Creamy Flavor Insta Macaroni, 225g",155,PKR,InStock,https://www.naheed.pk/crispo-spicy-creamy-flavor-insta-macaroni-225g
Kolson Lasagna 400g,370,PKR,InStock,https://www.naheed.pk/kolson-lasagna-400g
"Yes Chef Thai Red Curry Mix 7 Steps, 35g + 5g",259,PKR,InStock,https://www.naheed.pk/yes-chef-thai-red-curry-mix-7-steps-35g-5g
Kolson Macaroni Long 450g Box,240,PKR,InStock,https://www.naheed.pk/kolson-macaroni-long-450g-box
"Fresh Street Himalayan Pink Salt, Thyme, 125g",450,PKR,InStock,https://www.naheed.pk/fresh-street-himalayan-pink-salt-thyme-125g
MotherChoice Soft Brown Sugar 300g,140,PKR,InStock,https://www.naheed.pk/motherchoice-soft-brown-sugar-300g
"Fresh Street Himalayan Pink Salt, Paprika, 125g",450,PKR,InStock,https://www.naheed.pk/fresh-street-himalayan-pink-salt-paprika-125g
"Fresh Street Himalayan Pink Salt, Garlic, 125g",450,PKR,InStock,https://www.naheed.pk/fresh-street-himalayan-pink-salt-garlic-125g
"Fresh Street Himalayan Pink Salt, Sriracha, 125g",450,PKR,InStock,https://www.naheed.pk/fresh-street-himalayan-pink-salt-sriracha-125g
"Fresh Street Himalayan Pink Salt, 2.25 KG Jar",675,PKR,InStock,https://www.naheed.pk/fresh-street-himalayan-pink-salt-2-25-kg-jar
"Fresh Street Himalayan Pink Salt X-Fine, 125g",125,PKR,InStock,https://www.naheed.pk/fresh-street-himalayan-pink-salt-x-fine-125g
Falak Himalayan Pink Fine Salt 800gm,110,PKR,InStock,https://www.naheed.pk/falak-himalayan-pink-fine-salt-800gm
"National Refined Salt, 800g",70,PKR,InStock,https://www.naheed.pk/national-refined-salt-800g
"Rite Pink Salt Bottle, 100g",130,PKR,InStock,https://www.naheed.pk/rite-pink-salt-100gm-bottle
"Falak Himalayan Fine Pink Salt, 150g, Bottle",105,PKR,InStock,https://www.naheed.pk/falak-himalayan-fine-pink-salt-150g-bottle
"Fresh Street Himalayan Smoked Salt Coarse, 90g",795,PKR,InStock,https://www.naheed.pk/fresh-street-himalayan-smoked-salt-coarse-90g
"Fresh Street Himalayan Pink Salt Light Coarse, 90g",565,PKR,InStock,https://www.naheed.pk/fresh-street-himalayan-pink-salt-light-coarse-90g
"Shan Iodized Refined Salt, 800g",75,PKR,InStock,https://www.naheed.pk/shan-iodized-refined-salt-800g
"Fresh Street Himalayan Pink Salt, Basil, 125g",450,PKR,InStock,https://www.naheed.pk/fresh-street-himalayan-pink-salt-basil-125g
"Fresh Street White Vinegar, 473ml + Fresh Street Himalayan Pink Salt, 2.25 KG, Bundle Offer",865,PKR,InStock,https://www.naheed.pk/fresh-street-white-vinegar-473ml-fresh-street-himalayan-pink-salt-2-25-kg-bundle-offer
"Fresh Street Himalayan Pink Salt Super Fine, 125g",125,PKR,InStock,https://www.naheed.pk/fresh-street-himalayan-pink-salt-super-fine-125g
"Fresh Street Himalayan Black Salt X-Fine, 125g",450,PKR,InStock,https://www.naheed.pk/fresh-street-himalayan-black-salt-x-fine-125g
"Fresh Street Himalayan Pink Salt, Chilli, 125g",450,PKR,InStock,https://www.naheed.pk/fresh-street-himalayan-pink-salt-chilli-125g
"The Earth's Epsom Salt, 300g",350,PKR,InStock,https://www.naheed.pk/the-earth-s-epsom-salt-300g
"Falak Himalayan Pink Rock Salt, 200g, Grinder Bottle",510,PKR,InStock,https://www.naheed.pk/falak-himalayan-pink-rock-salt-200g-grinder-bottle
"Fresh Street Himalayan Pink Salt, Rosemary, 125g",450,PKR,InStock,https://www.naheed.pk/fresh-street-himalayan-pink-salt-rosemary-125g
"Italiano Jaggery Sugar, 300g",200,PKR,InStock,https://www.naheed.pk/italiano-jaggery-sugar-300g
"Fresh Street Himalayan Pink Salt, Onion, 125g",450,PKR,InStock,https://www.naheed.pk/fresh-street-himalayan-pink-salt-onion-125g
"Shan Iodized Salt, 800g",75,PKR,InStock,https://www.naheed.pk/shan-iodized-salt-800gm
Sugarie Chashnik White Refined Sugar 100-Pack,265,PKR,InStock,https://www.naheed.pk/sugarie-chashnik-white-refined-sugar-100-pack
"National Iodized Pink Himalayan Salt, 800g",100,PKR,InStock,https://www.naheed.pk/national-iodized-pink-himalayan-salt-800g
"Fresh Street Himalayan Pink Salt, Tomato, 125g",450,PKR,InStock,https://www.naheed.pk/fresh-street-himalayan-pink-salt-tomato-125g
"HubSalt Vacuum Fine Grain Salt, 800g",90,PKR,InStock,https://www.naheed.pk/hubsalt-vacuum-fine-grain-salt-800g
"Half Spoon Granulated Sugar Pouch, 500g",353,PKR,InStock,https://www.naheed.pk/half-spoon-granulated-sugar-pouch-500g
"Fresh Street Himalayan Pink Salt, Black Pepper, 125g",450,PKR,InStock,https://www.naheed.pk/fresh-street-himalayan-pink-salt-black-pepper-125g
"Fresh Street Himalayan Smoked Salt X-Fine, 125g",625,PKR,InStock,https://www.naheed.pk/fresh-street-himalayan-smoked-salt-x-fine-125g
"Naheed Kabli Cholay Special, 1Kg",575,PKR,InStock,https://www.naheed.pk/naheed-kabli-channa-special-1-kg
Naheed Daal Hari Mash Special 500gm,350,PKR,InStock,https://www.naheed.pk/naheed-daal-hari-mash-special-500gm
Naheed Daal Sabut Moong Special 500gm,210,PKR,InStock,https://www.naheed.pk/naheed-daal-sabut-moong-special-500gm
Naheed Daal Mong Special 500gm,250,PKR,InStock,https://www.naheed.pk/naheed-daal-mong-special-500gm
Naheed Daal Masoor Special 500gm,188,PKR,InStock,https://www.naheed.pk/naheed-daal-masoor-special-500gm
Naheed Daal Mong Chilka Special 500gm,250,PKR,InStock,https://www.naheed.pk/naheed-daal-mong-chilka-special-500gm
Naheed Daal Mash Special 1 KG,550,PKR,InStock,https://www.naheed.pk/naheed-daal-mash-special-1-kg
Naheed Daal Kala Masoor Special 1 KG,370,PKR,InStock,https://www.naheed.pk/naheed-daal-kala-masoor-special-1-kg
Naheed Daal Channa Special 500gm,200,PKR,InStock,https://www.naheed.pk/naheed-daal-channa-special-500gm
Naheed Dalia Bareek Special 500gm,105,PKR,InStock,https://www.naheed.pk/naheed-dalia-bareek-special-500gm
"Naheed Kala Cholay Special, 1Kg",400,PKR,InStock,https://www.naheed.pk/naheed-kala-channa-special-1-kg
Naheed Daal Arhar Special 500gm,425,PKR,InStock,https://www.naheed.pk/naheed-daal-arhar-special-500gm
Naheed Daal Sabut Mash Special 500gm,320,PKR,InStock,https://www.naheed.pk/naheed-daal-sabut-mash-special-500gm
Naheed Daal Masoor Special 1 KG,375,PKR,InStock,https://www.naheed.pk/naheed-daal-masoor-special-1-kg
"Naheed Kabli Cholay, 500g",188,PKR,InStock,https://www.naheed.pk/naheed-kabli-channa-500gm
Naheed Daal Arhar Special 1 KG,850,PKR,InStock,https://www.naheed.pk/naheed-daal-arhar-special-1-kg
Naheed Daal Mash Special 500gm,275,PKR,InStock,https://www.naheed.pk/naheed-daal-mash-special-500gm
"Naheed Kabli Cholay, 1Kg",375,PKR,InStock,https://www.naheed.pk/naheed-kabli-channa-1-kg
Naheed Daal Mong Special 1 KG,500,PKR,InStock,https://www.naheed.pk/naheed-daal-mong-special-1-kg
"Naheed Kabli Cholay Special, 500g",288,PKR,InStock,https://www.naheed.pk/naheed-kabli-channa-special-500gm
Naheed Red Lobia Special 500gm,390,PKR,InStock,https://www.naheed.pk/naheed-red-lobia-special-500gm
Naheed Daal Channa Special 1 KG,400,PKR,InStock,https://www.naheed.pk/naheed-daal-channa-special-1-kg
Naheed Daal Mash Chilka/Kali Special 500gm,350,PKR,InStock,https://www.naheed.pk/naheed-daal-mash-chilka-kali-special-500gm
Naheed Daal Mong Chilka Special 1 KG,500,PKR,InStock,https://www.naheed.pk/naheed-daal-mong-chilka-special-1-kg
Tapal Tez Dum 190gm,380,PKR,InStock,https://www.naheed.pk/tapal-tez-dum-190gm
Tapal Danedar Tea Extra Strong Tea Bags 80-Pack,1100,PKR,InStock,https://www.naheed.pk/tapal-danedar-tea-extra-strong-tea-bags-80-pack
"Klassno Spanish Latte Frothy With Extra Milk Coffee, 20g",150,PKR,InStock,https://www.naheed.pk/klassno-spanish-latte-frothy-with-extra-milk-coffee-20g
Lipton Danedar Black Tea 430g - New Superior Taste - Chai Chahiye,1200,PKR,InStock,https://www.naheed.pk/lipton-danedar-black-tea-430g-new-superior-taste-chai-chahiye
Lipton Green Tea - Zesty Lemon & Honey - 25 Tea Bags,300,PKR,InStock,https://www.naheed.pk/lipton-green-tea-zesty-lemon-honey-25-tea-bags
"Nestle Nescafe Classic Coffee, 50g",999,PKR,InStock,https://www.naheed.pk/nestle-nescafe-classic-coffee-50g
"Tapal Family Mixture Tea, 900g",1800,PKR,InStock,https://www.naheed.pk/tapal-family-mixture-tea-900g
"Tapal Tez Dum, 900g",1800,PKR,InStock,https://www.naheed.pk/tapal-tez-dum-900g
Tapal Danedar Tea Jar 450gm,1100,PKR,InStock,https://www.naheed.pk/tapal-danedar-tea-jar-450gm
Tapal Green Tea Jasmine Jar 100gm,300,PKR,InStock,https://www.naheed.pk/tapal-green-tea-jasmine-jar-100gm
Tapal Danedar Tea Enveloped Tea Bags 50-Pack,550,PKR,InStock,https://www.naheed.pk/tapal-danedar-tea-enveloped-tea-bags-50-pack
"Tapal Family Mixture, 430g",850,PKR,InStock,https://www.naheed.pk/tapal-family-mixture-430g
Tapal Danedar Tea Bags 100-Pack,1000,PKR,InStock,https://www.naheed.pk/tapal-danedar-tea-bags-100-pack
Lipton Yellow Label Black Tea 50 Bags - New Superior Taste - Chai Chahiye,600,PKR,InStock,https://www.naheed.pk/lipton-yellow-label-black-tea-50-bags-new-superior-taste-chai-chahiye
"Tapal Tez Dum, 430g",900,PKR,InStock,https://www.naheed.pk/tapal-tez-dum-430g
Tapal Lemon Green Tea Bags 90-Pack,720,PKR,InStock,https://www.naheed.pk/tapal-lemon-green-tea-bags-90-pack
Tapal Tropical Peach Green Tea Bags 30-Pack,250,PKR,InStock,https://www.naheed.pk/tapal-tropical-peach-green-tea-bags-30-pack
Kohinoor Josh Danedar Tea 950gm,1600,PKR,InStock,https://www.naheed.pk/kohinoor-josh-danedar-tea-950gm
"Klassno Original 3 In 1 Rich & Strong Coffee Mix Sachet, 20g",70,PKR,InStock,https://www.naheed.pk/klassno-original-3-in-1-rich-strong-coffee-mix-sachet-20g
"Lipton Danedar Tea, 140g",400,PKR,InStock,https://www.naheed.pk/lipton-danedar-tea-140g
"Nestle Nescafe 3in1 Coffee, 20g",60,PKR,InStock,https://www.naheed.pk/nestle-nescafe-3in1-coffee-20g
"Tapal Family Mixture, 180g",380,PKR,InStock,https://www.naheed.pk/tapal-family-mixture-180g
Tapal Green Tea Moroccan Mint Bags 30-Pack,250,PKR,InStock,https://www.naheed.pk/tapal-green-tea-moroccan-mint-bags-30-pack
Tapal Lemon Green Tea Bags 30-Pack,200,PKR,InStock,https://www.naheed.pk/tapal-lemon-green-tea-bags-30-pack
Tapal Green Tea lemon Grass Jar 100gm,300,PKR,InStock,https://www.naheed.pk/tapal-green-tea-lemon-grass-jar-100gm
"Davidoff Fine Aroma Instant Coffee, 100g",2499,PKR,InStock,https://www.naheed.pk/davidoff-fine-aroma-instant-coffee-100g
"Davidoff Rich Aroma Instant Coffee, 100g",2499,PKR,InStock,https://www.naheed.pk/davidoff-rich-aroma-instant-coffee-100g
"Salmans Coffee Topping, 623g",725,PKR,InStock,https://www.naheed.pk/salmans-coffee-topping-623g
Tapal Elaichi Tea Bags 30-Pack,250,PKR,InStock,https://www.naheed.pk/tapal-elaichi-tea-bags-30-pack
Lipton Yellow Label Black Tea 100 Bags - New Superior Taste - Chai Chahiye,1200,PKR,InStock,https://www.naheed.pk/lipton-yellow-label-black-tea-100-bags-new-superior-taste-chai-chahiye
Tapal Strawberry Green Tea Bags 30-Pack,250,PKR,InStock,https://www.naheed.pk/tapal-strawberry-green-tea-bags-30-pack
"Tapal Danedar Tea, 180g",380,PKR,InStock,https://www.naheed.pk/tapal-danedar-tea-180g
"Vital Ginger Tea With Honey, 10-Sachets",390,PKR,InStock,https://www.naheed.pk/vital-ginger-tea-with-honey-10-sachets
"Tapal Family Mixture Jar, 440g",1100,PKR,InStock,https://www.naheed.pk/tapal-family-mixture-jar-440g
Tapal Jasmine Tea Bags 30-Pack,250,PKR,InStock,https://www.naheed.pk/tapal-jasmine-tea-bags-30-pack
Lipton Yellow Label Black Tea 430g - New Superior Taste - Chai Chahiye,1150,PKR,InStock,https://www.naheed.pk/lipton-yellow-label-black-tea-430g-new-superior-taste-chai-chahiye
"Tapal Danedar Tea, 900g",1800,PKR,InStock,https://www.naheed.pk/tapal-danedar-tea-900g
Tapal Pure Green Green Tea Bags 30-Pack,250,PKR,InStock,https://www.naheed.pk/tapal-pure-green-green-tea-bags-30-pack
"Lipton Delicious Peach & Cinnamon Green Tea Bags, 25-Pack",300,PKR,InStock,https://www.naheed.pk/lipton-delicious-peach-cinnamon-green-tea-bags-25-pack
Lipton Green Tea - Luscious Mixed Berries - 25 Tea Bags,300,PKR,InStock,https://www.naheed.pk/lipton-green-tea-luscious-mixed-berries-25-tea-bags
French Cuisine Pita Bread,110,PKR,InStock,https://www.naheed.pk/french-cuisine-pita-bread
"French Cuisine Subway Bread, 1-Pack",150,PKR,InStock,https://www.naheed.pk/french-cuisine-subway-bread-1-pack
Fresh Basket White Pita Bread,175,PKR,InStock,https://www.naheed.pk/fresh-basket-white-pita-bread
Bake Parlor Burger Bun,110,PKR,InStock,https://www.naheed.pk/bake-parlor-burger-bun
Pie In The Sky Pita Bread,180,PKR,InStock,https://www.naheed.pk/pie-in-the-sky-pita-bread
"Bake Parlor Multi-Seed Bread, 4-Pack",90,PKR,InStock,https://www.naheed.pk/bake-parlor-multi-seed-bread-4-pack
Bread Selection Bran Pita Bread Large,130,PKR,InStock,https://www.naheed.pk/bread-selection-bran-pita-bread-large
"Bread Selection Panini Bread, 2-Pack",185,PKR,InStock,https://www.naheed.pk/bread-selection-panini-bread-2-pack
"Syma's Pizza Crust, Large, 12 Inches",170,PKR,InStock,https://www.naheed.pk/syma-s-pizza-crust-large-12-inches
Pie In The Sky Brown Bread,210,PKR,InStock,https://www.naheed.pk/pie-in-the-sky-brown-bread
"Syma's Pizza Crust, Medium, 10 Inches",140,PKR,InStock,https://www.naheed.pk/syma-s-pizza-crust-medium-10-inches
"Euro Bake Jumbo Croissant Strawberry, 40g",165,PKR,InStock,https://www.naheed.pk/euro-bake-jumbo-croissant-strawberry-40g
Pie In The Sky Brown Dinner Roll,140,PKR,InStock,https://www.naheed.pk/pie-in-the-sky-brown-dinner-roll
Bread Selection Bran Bread,175,PKR,InStock,https://www.naheed.pk/bread-selection-bran-bread
"Pie In The Sky Brown Burger Bun, 4 Pieces",130,PKR,InStock,https://www.naheed.pk/pie-in-the-sky-brown-burger-bun-4-pieces
"Euro Bake Jumbo Croissant Hazelnut, 40g",165,PKR,InStock,https://www.naheed.pk/euro-bake-jumbo-croissant-hazelnut-40g
Bread Selection Multigrain Bread,250,PKR,InStock,https://www.naheed.pk/bread-selection-multigrain-bread
"Fresh Basket Butter Croissant, Small",225,PKR,InStock,https://www.naheed.pk/fresh-basket-butter-croissant-small
Fresh Basket Bread Stick's,250,PKR,InStock,https://www.naheed.pk/fresh-basket-bread-stick-s
"French Cuisine Burger Bun, Small, 4-Pack",115,PKR,InStock,https://www.naheed.pk/french-cuisine-burger-bun-small-4-pack
"Dawn Hot Dog Roll, 1-Pack",35,PKR,InStock,https://www.naheed.pk/dawn-hot-dog-roll-1-pack
"Bread Selection Oregano Bread, 1-Pack",165,PKR,InStock,https://www.naheed.pk/bread-selection-oregano-bread-1-pack
"French Cuisine Hot Dog Bun, Large, 4-Pack",130,PKR,InStock,https://www.naheed.pk/french-cuisine-hot-dog-bun-large-4-pack
"Bake Parlor Large Fruit Bun, 1-Pack",50,PKR,InStock,https://www.naheed.pk/bake-parlor-large-fruit-bun-1-pack
"Bread Selection Hot Dog Roll Bread, 4-Pack",160,PKR,InStock,https://www.naheed.pk/bread-selection-hot-dog-roll-bread-4-pack
Qureshi Farms Home Made Makai Roti,315,PKR,InStock,https://www.naheed.pk/qureshi-farms-home-made-makai-roti
Dawn XL Burger Bun,40,PKR,InStock,https://www.naheed.pk/dawn-xl-burger-bun
"United King Namkino Nimco Mix, 200g",230,PKR,InStock,https://www.naheed.pk/united-king-namkino-nimco-mix-200g
"Dadi Jan Punjabi Masala Mash Daal Papad, 200g",400,PKR,InStock,https://www.naheed.pk/dadi-jan-punjabi-masala-mash-daal-papad-200g
"United King Namkino Daal Moong, 200g",260,PKR,InStock,https://www.naheed.pk/united-king-namkino-daal-moong-200g
"Nutri Lov Granola Bars, Lemon Cashew, 6x45g",1100,PKR,InStock,https://www.naheed.pk/nutri-lov-granola-bars-lemon-cashew-6x45g
"Shahi Chewra, 80g",100,PKR,InStock,https://www.naheed.pk/shahi-chewra-200g
"United King Namkino Badshahi Mix, 200g",360,PKR,InStock,https://www.naheed.pk/united-king-namkino-badshahi-mix-200g
"Nutri Lov Granola Bars, Chocolate Brownie, 45g",199,PKR,InStock,https://www.naheed.pk/nutri-lov-granola-bars-chocolate-brownie-45g
"Nutri Lov Granola Bars, Chocolate Brownie, 6x45g",1150,PKR,InStock,https://www.naheed.pk/nutri-lov-granola-bars-chocolate-brownie-6x45g
"Dadi Jan Chili Garlic Rice Papad, 200g",280,PKR,InStock,https://www.naheed.pk/dadi-jan-chili-garlic-rice-papad-200g
Al Ameera Halawa Pista 400gm,1410,PKR,InStock,https://www.naheed.pk/al-ameera-halawa-pista-400gm
"Al Ameera Halawa Plain, 400gm",1225,PKR,InStock,https://www.naheed.pk/al-ameera-halawa-plain-400gm
"Nutri Lov Granola Bars, Peanut Butter & Raisin, 6x45g",1150,PKR,InStock,https://www.naheed.pk/nutri-lov-granola-bars-peanut-butter-raisin-6x45g
Britannia Date Rolls 90gm,425,PKR,InStock,https://www.naheed.pk/britannia-date-rolls-90gm
"Reload Coffee & Almond Granola Bars, High Fiber & Protein, Gluten Free, 40g",180,PKR,InStock,https://www.naheed.pk/reload-coffee-almond-granola-bars-40g
"Dadi Jan Chicken B.B.Q Flavor Rice Papad, 200g",280,PKR,InStock,https://www.naheed.pk/dadi-jan-chicken-b-b-q-flavor-rice-papad-200g
"Al Ameera Halawa With Chocolate, 400g",1299,PKR,InStock,https://www.naheed.pk/al-ameera-halawa-with-chocolate-400g
"Nutri Lov Granola Bars, Lemon Cashew, 45g",199,PKR,InStock,https://www.naheed.pk/nutri-lov-granola-bars-lemon-cashew-45g
"Reload Cranberry & Almond Granola Bars, High Fiber & Protein, Gluten Free, 40g",180,PKR,InStock,https://www.naheed.pk/reload-granola-bar-cranberry-almond-40g
"Munch Oh Crunchy Nut's Jalapeno Peanuts, 150g",560,PKR,InStock,https://www.naheed.pk/munch-oh-crunchy-nut-s-jalapeno-peanuts-150g
"United King Namkino Salty Peanuts, 100g",230,PKR,InStock,https://www.naheed.pk/united-king-namkino-salty-peanuts-100g
"Munch Oh Crunchy Nut's Texas BBQ Peanuts, 150g",560,PKR,InStock,https://www.naheed.pk/munch-oh-crunchy-nut-s-texas-bbq-peanuts-150g
"Wah Daal Moth, 200g",250,PKR,InStock,https://www.naheed.pk/wah-daal-moth-200g
"Reload Granola Bar, Peanut Butter & Nuts, High Fiber & Protein, Gluten Free, 40g",180,PKR,InStock,https://www.naheed.pk/reload-granola-bar-peanut-butter-nuts-high-fiber-high-protein-38g
Balocco Sfogliatine Glazed Pastry 200gm,930,PKR,InStock,https://www.naheed.pk/balocco-sfogliatine-glazed-pastry-200gm
"United King Namkino Crunchy Nut Mix, 200g",380,PKR,InStock,https://www.naheed.pk/united-king-namkino-crunchy-nut-mix-200g
"Vital Savouries Dal Moth, 160g",240,PKR,InStock,https://www.naheed.pk/vital-savouries-dal-moth-160g
"Reload Granola Bar, Dark Chocolate & Nuts, High Fiber & Protein, Gluten Free 40g",180,PKR,InStock,https://www.naheed.pk/reload-granola-bar-dark-chocolate-nuts-high-fiber-high-protein-38g
"Dadi Jan Chili Ginger Rice Papad, 200g",280,PKR,InStock,https://www.naheed.pk/dadi-jan-chili-ginger-rice-papad-200g
"Namkish Salty Potato Sticks, 180g",240,PKR,InStock,https://www.naheed.pk/namkish-salty-potato-sticks-180g
"Nutri Lov Granola Bars, Peanut Butter & Raisin, Instant Protein, 45g",199,PKR,InStock,https://www.naheed.pk/nutri-lov-granola-bars-peanut-butter-raisin-instant-protein-45g
"United King Namkino Spicy Peanuts, 100g",230,PKR,InStock,https://www.naheed.pk/united-king-namkino-spicy-peanuts-100g
"Munch Oh Crunchy Nut's Cheddar Cheese Peanuts, 150g",560,PKR,InStock,https://www.naheed.pk/munch-oh-crunchy-nut-s-cheddar-cheese-peanuts-150g
"Valor Dark Chocolate 70%, Mint 100g",1025,PKR,InStock,https://www.naheed.pk/valor-dark-chocolate-70-mint-100g
"Ritter Sport White Whole Hazelnuts, With Crunchy Roasted Hazelnuts, 100g",1260,PKR,InStock,https://www.naheed.pk/ritter-sport-white-whole-hazelnuts-with-crunchy-roasted-hazelnuts-100g
Lindt Excellence Cocoa 70% 100g,1700,PKR,InStock,https://www.naheed.pk/lindt-excellence-cocoa-70-100g
"Emoji Surprise Egg, 1 Piece, 15g",220,PKR,InStock,https://www.naheed.pk/emoji-surprise-egg-1-piece-15g
"Mars Chocolate Bar, 51g",270,PKR,InStock,https://www.naheed.pk/mars-chocolate-bar-51g
"Ritter Sport Cashew Chocolate, With Roasted & Salted Pieces Of Cashew Nuts, 100g",1260,PKR,InStock,https://www.naheed.pk/ritter-sport-cashew-chocolate-with-roasted-salted-pieces-of-cashew-nuts-100g
"Cadbury Dairy Milk Bubbly Milk Chocolate, 87g, (Local)",450,PKR,InStock,https://www.naheed.pk/cadbury-dairy-milk-bubbly-milk-chocolate-87g-local
"Toblerone Milk Chocolate, 100g",850,PKR,InStock,https://www.naheed.pk/toblerone-milk-chocolate-100g
"Lindt Mini Pralines Chocolate, Gold, 155g",8350,PKR,InStock,https://www.naheed.pk/lindt-mini-pralines-chocolate-gold-155g
"Lindt Premium Milk, Raisin, & Hazelnut Chocolate 300g",5850,PKR,InStock,https://www.naheed.pk/lindt-premium-milk-raisin-hazelnut-chocolate-300g
"Toblerone Dark Chocolate, 100g",799,PKR,InStock,https://www.naheed.pk/toblerone-dark-chocolate-100g
"Elit Gourmet Collection Truffle Chocolates, 195g",2050,PKR,InStock,https://www.naheed.pk/elit-gourmet-collection-truffle-chocolates-195g
"Belco Black Diamond Chocolate, 20-Pack, 517g",3899,PKR,InStock,https://www.naheed.pk/belco-black-diamond-chocolate-20-pack-517g
"Ferrero Rocher Chocolate, T24, 300g",5499,PKR,InStock,https://www.naheed.pk/ferrero-rocher-chocolate-t24-300g
"Cadbury Dairy Milk Bubbly Milk Chocolate, 40g, (Local)",200,PKR,InStock,https://www.naheed.pk/cadbury-dairy-milk-bubbly-milk-chocolate-40g-local
"Ferrero Rocher Chocolate, T16, 200g",3200,PKR,InStock,https://www.naheed.pk/ferrero-rocher-chocolate-t16-200g
"Cadbury Dairy Milk Chocolate, Mini Bars, 160g, (Local)",720,PKR,InStock,https://www.naheed.pk/cadbury-dairy-milk-chocolate-mini-bars-160g-local
"Ritter Sport Butter Biscuit Chocolate, 100g",1260,PKR,InStock,https://www.naheed.pk/ritter-sport-butter-biscuit-chocolate-100g
"Lals Chocolate 36% Cocoa Smooth Milk Gluten Free, 85g",1300,PKR,InStock,https://www.naheed.pk/lals-chocolate-36-cocoa-smooth-milk-gluten-free-85g
"Ferrero Raffaello Almond Coconut Treats, 150g",2499,PKR,InStock,https://www.naheed.pk/ferrero-raffaello-almond-coconut-treats-150g
Ritter Sport Marzipan 100gm,1260,PKR,InStock,https://www.naheed.pk/ritter-sport-marzipan-100gm
"Valor Dark Chocolate 70%, Raspberry 100g",1025,PKR,InStock,https://www.naheed.pk/valor-dark-chocolate-70-raspberry-100g
"Hershey's Kisses, Cookies 'N' Crme, 100g",1225,PKR,InStock,https://www.naheed.pk/hershey-s-kisses-cookies-n-creme-100g
"Toblerone Fruit & Nut Frozen Chocolate, 100g",850,PKR,InStock,https://www.naheed.pk/toblerone-fruit-nut-frozen-chocolate-100g
Ritter Sport Nuss-Splitter 100gm,1260,PKR,InStock,https://www.naheed.pk/ritter-sport-nuss-splitter-100gm
"Lindt Excellence Rich Dark 85% Cocoa Chocolate, 35g",850,PKR,InStock,https://www.naheed.pk/lindt-excellence-rich-dark-85-cocoa-chocolate-35g
"Kinder Chocolate, 4 Bars, 50g",650,PKR,InStock,https://www.naheed.pk/kinder-chocolate-4-bars-50g
"Snickers Miniatures Chocolate Pouch, 220g ",2365,PKR,InStock,https://www.naheed.pk/snickers-miniatures-chocolate-pouch-220g
"Sweet Home Vigoz Chocolate With Hazelnut Box, 400g",830,PKR,InStock,https://www.naheed.pk/sweet-home-vigoz-chocolate-with-hazelnut-box-400g
"Choctella & Fun! Chocolate Spread & Breadsticks, 50g",310,PKR,InStock,https://www.naheed.pk/choctella-fun-chocolate-spread-breadsticks-50g
"Bounty Chocolate, 57g",250,PKR,InStock,https://www.naheed.pk/bounty-chocolate-57g
"Toblerone Milk Chocolate, 35g",330,PKR,InStock,https://www.naheed.pk/toblerone-milk-chocolate-35g
"Kurkure Chutney Chaska Chips, 40g",40,PKR,InStock,https://www.naheed.pk/kurkure-chutney-chaska-chips-40g
"Crispiko Banana Chips BBQ, 100g",370,PKR,InStock,https://www.naheed.pk/crispiko-banana-chips-bbq-100g
"Pringles Potato Crisps, Sour Cream & Onion Flavor, 165g",1040,PKR,InStock,https://www.naheed.pk/pringles-potato-crisps-sour-cream-onion-flavor-165g
"Crispiko Banana Chips Sea Salt, 100g",370,PKR,InStock,https://www.naheed.pk/crispiko-banana-chips-sea-salt-100g
"Kolson Slanty, Salted, 65g",50,PKR,InStock,https://www.naheed.pk/kolson-slanty-salted-65g
"EL Sabor Nacho Chips, Natural Flavor, 100g",850,PKR,InStock,https://www.naheed.pk/el-sabor-nacho-chips-natural-flavor-100g
Kolson Twich 19gm,20,PKR,InStock,https://www.naheed.pk/kolson-twich-19gm
"Kracks Paprika Flavor Potato Chips, 110g",540,PKR,InStock,https://www.naheed.pk/kracks-paprika-flavor-potato-chips-110g
"EL Sabor Nacho Chips, Texas BBQ, 100g",850,PKR,InStock,https://www.naheed.pk/el-sabor-nacho-chips-texas-bbq-100g
"Poppin Taxos Original Chips, 45g",350,PKR,InStock,https://www.naheed.pk/poppin-taxos-original-chips-45g
"Zee Stack-It BBQ Potato Chips, 62g",110,PKR,InStock,https://www.naheed.pk/zee-stack-it-bbq-potato-chips-62g
"Rehmat-e-Shereen Crunchees, Hot & Spicy Chips, 80g",140,PKR,InStock,https://www.naheed.pk/rehmat-e-shereen-crunchees-hot-spicy-chips-80g
"Lay's Yogurt & Herb Chips, 31g",50,PKR,InStock,https://www.naheed.pk/lay-s-yogurt-herb-chips-31g
"Zee Stack-It Flamin Hot Potato Chips, 62g",110,PKR,InStock,https://www.naheed.pk/zee-stack-it-flamin-hot-potato-chips-62g
"Cruncho Nacho Fajita Tortilla Chips, 45g",180,PKR,InStock,https://www.naheed.pk/cruncho-nacho-fajita-tortilla-chips-45g
"Pringles Potato Crisps, Hot & Spicy Flavor, 40g",440,PKR,InStock,https://www.naheed.pk/pringles-potato-crisps-hot-spicy-flavor-40g
"Cheetos Red Flaming Hot, 19g",30,PKR,InStock,https://www.naheed.pk/cheetos-red-flaming-hot-19g
"Zee Stack-It Original Potato Chips, 62g",110,PKR,InStock,https://www.naheed.pk/zee-stack-it-original-potato-chips-62g
"Cruncho Nacho Bar.B.Q Tortilla Chips, 45g",180,PKR,InStock,https://www.naheed.pk/cruncho-nacho-bar-b-q-tortilla-chips-45g
Lay's Wavy BBQ Potato Chips 23g,30,PKR,InStock,https://www.naheed.pk/lay-s-wavy-bbq-potato-chips-23g
"Pringles Potato Crisps, Salt & Vinegar Flavor, 165g",1049,PKR,InStock,https://www.naheed.pk/pringles-potato-crisps-salt-vinegar-flavor-165g
"Kurkure Red Chilli Jhatka, 78g",60,PKR,InStock,https://www.naheed.pk/kurkure-red-chilli-jhatka-78g
"Kurkure Chutney Chaska Chips, 90g",60,PKR,InStock,https://www.naheed.pk/kurkure-chutney-chaska-chips-90g
"Doritos Nacho Cheese Tortilla Chips (Imported), 92.1g/3.25oz",1485,PKR,InStock,https://www.naheed.pk/doritos-nacho-cheese-tortilla-chips-imported-92-1g-3-25oz
"Kracks Hot & Spicy Chips, 45g",340,PKR,InStock,https://www.naheed.pk/kracks-hot-spicy-chips-45g
"Kolson Potato Sticks, Pepper & Salt, 38g",20,PKR,InStock,https://www.naheed.pk/kolson-potato-sticks-pepper-salt-38g
"MD Zeekos Original Chips, 110g",490,PKR,InStock,https://www.naheed.pk/md-zeekos-original-chips-110g
"Kolson Slanty, Vegetable, 38g",30,PKR,InStock,https://www.naheed.pk/kolson-slanty-vegetable-38g
"Macho's Sweet Thai Chilichanga Tortilla Chips, 40g",80,PKR,InStock,https://www.naheed.pk/macho-s-sweet-thai-chilichanga-tortilla-chips-40g
"Lay's Classic Salted Chips, Potato Chips, 20g",30,PKR,InStock,https://www.naheed.pk/lay-s-classic-salted-chips-potato-chips-20g
"Kolson Snackers Pizza Flavor Chips, 58g",50,PKR,InStock,https://www.naheed.pk/kolson-snackers-pizza-flavor-chips-58g
"Rehmat-e-Shereen Crunchees, Classic Salted Chips, 80g",140,PKR,InStock,https://www.naheed.pk/rehmat-e-shereen-crunchees-classic-salted-chips-80g
"Go Royale Potato Sticks, Garlic Mayo, 110g",150,PKR,InStock,https://www.naheed.pk/go-royale-potato-sticks-garlic-mayo-110g
Laziza Rabri Falooda Drink & Dessert Mix 200g,210,PKR,InStock,https://www.naheed.pk/laziza-rabri-falooda-drink-dessert-mix-200g
"Laziza Firni Khas, Saffron, 150g",150,PKR,InStock,https://www.naheed.pk/laziza-firni-khas-saffron-150g
Laziza Kheer Mix Pistachio + Coconut 155g,150,PKR,InStock,https://www.naheed.pk/laziza-kheer-mix-pistachio-coconut-155g
"Laziza Firni Khas, Kewra, 150g",150,PKR,InStock,https://www.naheed.pk/laziza-firni-khas-kewra-150g
"National Vermicelli, 120g",99,PKR,InStock,https://www.naheed.pk/national-vermicelli-120g
Happy Home Doodh Dulari Dessert Mix 220g,200,PKR,InStock,https://www.naheed.pk/happy-home-doodh-dulari-dessert-mix-220g
"Laziza Rasmalai Dessert Mix, Pistachio, 75g",220,PKR,InStock,https://www.naheed.pk/laziza-rasmalai-dessert-mix-pistachio-75g
Laziza Kheer Mix Standard 155g,150,PKR,InStock,https://www.naheed.pk/laziza-kheer-mix-standard-155g
Laziza Jelly Falooda Drink & Dessert Mix 235g,220,PKR,InStock,https://www.naheed.pk/laziza-jelly-falooda-drink-dessert-mix-235g
Laziza Strawberry Falooda Drink & Dessert Mix 195g,210,PKR,InStock,https://www.naheed.pk/laziza-strawberry-falooda-drink-dessert-mix-195g
Happy Home Strawberry Labe Shreen Dessert Mix 150g,165,PKR,InStock,https://www.naheed.pk/happy-home-strawberry-labe-shreen-dessert-mix-150g
Laziza Kheer Mix Almond + Saffron 155g,150,PKR,InStock,https://www.naheed.pk/laziza-kheer-mix-almond-saffron-155g
"Malka Vermicelli, 130g",75,PKR,InStock,https://www.naheed.pk/malka-vermicelli-130g
"King Pehni Gift Box, 200g",320,PKR,InStock,https://www.naheed.pk/king-pheni-gift-box-200gm
"Al Ameera Halawa Plain, 400gm",1225,PKR,InStock,https://www.naheed.pk/al-ameera-halawa-plain-400gm
"Laziza Rasmalai Dessert Mix, Standard, 75g",220,PKR,InStock,https://www.naheed.pk/laziza-rasmalai-dessert-mix-standard-75g
"Happy Home China Grass Powder, Pistachio, 10g",52,PKR,InStock,https://www.naheed.pk/happy-home-china-grass-powder-pistachio-10g
"Happy Home China Grass Powder, Strawberry, 10g",52,PKR,InStock,https://www.naheed.pk/happy-home-china-grass-powder-strawberry-10g
Laziza Kulfa Khoya Frozen Dessert Mix 152g,220,PKR,InStock,https://www.naheed.pk/laziza-kulfa-khoya-frozen-dessert-mix-152g
Laziza Gulab Jamun Dessert Mix 85g,220,PKR,InStock,https://www.naheed.pk/laziza-gulab-jamun-dessert-mix-85g
Happy Home Pineapple Labe Shreen Dessert Mix 150g,150,PKR,InStock,https://www.naheed.pk/happy-home-pineapple-labe-shreen-dessert-mix-150g
Laziza Doodh Dullari Dessert Mix 225g,220,PKR,InStock,https://www.naheed.pk/laziza-doodh-dullari-dessert-mix-225g
Happy Home Special Falooda Drink & Dessert Mix 185g,165,PKR,InStock,https://www.naheed.pk/happy-home-special-falooda-drink-dessert-mix-185g
"Happy Home China Grass Dessert Mix, Green Rose, 80g",110,PKR,InStock,https://www.naheed.pk/happy-home-china-grass-dessert-mix-green-rose-80g
"Laziza Rasmalai Dessert Mix, Almond, 75g",220,PKR,InStock,https://www.naheed.pk/laziza-rasmalai-dessert-mix-almond-75g
Happy Home Chocolate Caramel 78g,110,PKR,InStock,https://www.naheed.pk/happy-home-chocolate-caramel-78g
Laziza Shahi Tukra Dessert Mix 180g,210,PKR,InStock,https://www.naheed.pk/laziza-shahi-tukra-dessert-mix-180g
National Kheer Mix 155gm,185,PKR,InStock,https://www.naheed.pk/national-kheer-mix-155gm
Mehran Pistachio Kheer Mix 155g,150,PKR,InStock,https://www.naheed.pk/mehran-pistachio-kheer-mix-155g
Happy Home Vanilla Labe Shreen Dessert Mix150g,165,PKR,InStock,https://www.naheed.pk/happy-home-vanilla-labe-shreen-dessert-mix150g
Mehran Kheer Mix 155g,140,PKR,InStock,https://www.naheed.pk/mehran-kheer-mix-155g
Happy Home China Grass Powder 10g,52,PKR,InStock,https://www.naheed.pk/happy-home-china-grass-powder-10g
National Jelly Crystal Banana 80gm,185,PKR,InStock,https://www.naheed.pk/national-jelly-crystal-banana-80gm
Rafhan Vanilla Custard 275g,190,PKR,InStock,https://www.naheed.pk/rafhan-vanilla-custard-275g
Happy Home Bounty Pudding Mix 78g,110,PKR,InStock,https://www.naheed.pk/happy-home-bounty-pudding-mix-78g
Rafhan Strawberry Custard 285g,190,PKR,InStock,https://www.naheed.pk/rafhan-strawberry-custard-285g
Rafhan Pudding Powder 78g,160,PKR,InStock,https://www.naheed.pk/rafhan-pudding-powder-78g
Rafhan Strawberry Jelly Powder 80g,160,PKR,InStock,https://www.naheed.pk/rafhan-strawberry-jelly-powder-80g
Rafhan Mango Jelly Powder 80g,160,PKR,InStock,https://www.naheed.pk/rafhan-mango-jelly-powder-80g
National Jelly Crystal Mixed Fruit 80gm,185,PKR,InStock,https://www.naheed.pk/national-jelly-crystal-mixed-fruit-80gm
Happy Home Orange Jelly 80g,110,PKR,InStock,https://www.naheed.pk/happy-home-orange-jelly-80g
Happy Home Mango Custard Powder 300g,150,PKR,InStock,https://www.naheed.pk/happy-home-mango-custard-powder-300g
"Rafhan Vanilla Ice Cream Powder, 4 Portions Pack, 1.1 KG",895,PKR,InStock,https://www.naheed.pk/rafhan-vanilla-ice-cream-powder-4-portions-pack-1-1-kg
Happy Home Egg Pudding Mix 60g,110,PKR,InStock,https://www.naheed.pk/happy-home-egg-pudding-mix-60g
Happy Home Raspberry Pudding Mix 60g,110,PKR,InStock,https://www.naheed.pk/happy-home-raspberry-pudding-mix-60g
Happy Home Banana Custard Powder 300g,150,PKR,InStock,https://www.naheed.pk/happy-home-banana-custard-powder-300g
Happy Home Blackcurrant Jelly 80g,110,PKR,InStock,https://www.naheed.pk/happy-home-blackcurrant-jelly-80g
"Pearce Duff Custard Powder, 350g",310,PKR,InStock,https://www.naheed.pk/pearce-duff-custard-powder-350g
Happy Home Strawberry Custard Powder 300g,150,PKR,InStock,https://www.naheed.pk/happy-home-strawberry-custard-powder-300g
National Jelly Crystal Strawberry 80gm,185,PKR,InStock,https://www.naheed.pk/national-jelly-crystal-strawberry-80gm
Happy Home Vanilla Custard Powder 300g,150,PKR,InStock,https://www.naheed.pk/happy-home-vanilla-custard-powder-300g
Happy Home Pista (Pistachio) Pudding Mix 60g,110,PKR,InStock,https://www.naheed.pk/happy-home-pista-pistachio-pudding-mix-60g
Happy Home Kajoo (Cashew) Pudding Mix 60g,110,PKR,InStock,https://www.naheed.pk/happy-home-kajoo-cashew-pudding-mix-60g
Happy Home Blueberry Jelly 80g,110,PKR,InStock,https://www.naheed.pk/happy-home-blueberry-jelly-80g
Rafhan Banana Jelly Powder 80g,160,PKR,InStock,https://www.naheed.pk/rafhan-banana-jelly-powder-80g
Rafhan Mango Custard 275g,190,PKR,InStock,https://www.naheed.pk/rafhan-mango-custard-275g
"Italiano Pudding Mix, French Vanilla, 90g",130,PKR,InStock,https://www.naheed.pk/italiano-pudding-mix-french-vanilla-90g
Happy Home Raspberry Jelly 80g,110,PKR,InStock,https://www.naheed.pk/happy-home-raspberry-jelly-80g
Happy Home Pineapple Jelly 80g,110,PKR,InStock,https://www.naheed.pk/happy-home-pineapple-jelly-80g
Rafhan Banana Custard 285g,190,PKR,InStock,https://www.naheed.pk/rafhan-banana-custard-285g
"Italiano Strawberry Pudding Mix, 85g",120,PKR,InStock,https://www.naheed.pk/italiano-strawberry-pudding-mix-85g
Happy Home Strawberry Jelly 80g,110,PKR,InStock,https://www.naheed.pk/happy-home-strawberry-jelly-80g
Happy Home Mango Pudding Mix 78g,110,PKR,InStock,https://www.naheed.pk/happy-home-mango-pudding-mix-78g
"Rafhan Strawberry Jelly Powder, 4 Portions Pack, 2 KG",3599,PKR,InStock,https://www.naheed.pk/rafhan-strawberry-jelly-powder-4-portions-pack-2-kg
