name,price
Springs Fox Nut / PKT,3950.00 
Springs Pineapple / PC,2295.00 
Buy Fresh Kino (6pcs) Online at Best Price in Pakistan,360.00 
Springs Blueberry (Imp) / BOX,1225.00 
Springs Dragon Fruit / PC,1950.00 
Buy Fresh Apple Online at Best Price in Pakistan,595.00 
Springs Strawberry Local / PKT,425.00 
Springs Sweet Tamarind box,650.00 
Buy Fresh 1 Dozen Banana Online at Best Price in Pakistan,300.00 
Springs Banana / 6pcs,150.00 
Buy Coconut (?????) Online at Best Price in Pakistan,525.00 
Springs Strawberry / BOX (IMP),2295.00 
Springs Avocado / Per Piece,925.00 
Springs Avocado / Per Piece,925.00 
Buy Fresh 1 Dozen Banana Online at Best Price in Pakistan,300.00 
Springs Pineapple / PC,2295.00 
Springs Dragon Fruit / PC,1950.00 
Springs Sweet Tamarind box,650.00 
Buy Coconut (?????) Online at Best Price in Pakistan,525.00 
Springs Banana / 6pcs,150.00 
Buy Fresh Apple Online at Best Price in Pakistan,595.00 
Springs Strawberry Local / PKT,425.00 
Buy Fresh Kino (6pcs) Online at Best Price in Pakistan,360.00 
Springs Blueberry (Imp) / BOX,1225.00 
Springs Fox Nut / PKT,3950.00 
Springs Strawberry / BOX (IMP),2295.00 
Buy Fresh Coriander (?????) Online at Best Price in Pakistan,20.00 
Buy Fresh Arvi (????) Online at Best Price in Pakistan,198.00 
Buy Fresh Lime Leaves Online at Best Price in Pakistan,250.00 
Buy Galangal ( Thai Ginger ) Online at Best Price in Pakistan,650.00 
Buy Sweet Potato (Shakarkandi) Online at Best Price in Pakistan,100.00 
Buy Fresh Basil Leaves Online at Best Price in Pakistan,95.00 
Buy Fresh Mint (??????) Online at Best Price in Pakistan,25.00 
Buy Fresh Brinjal (?????) Online at Best Price in Pakistan,60.00 
Buy Fresh Dried Kashmiri Chili Online at Best Price in Pakistan,120.00 
Buy Fresh Bitter Gourd (?????) Online at Best Price in Pakistan,110.00 
Buy Fresh Cucumber (?????) Online at Best Price in Pakistan,60.00 
Buy Fresh Tomato (?????) Online at Best Price in Pakistan,48.00 
Buy Fresh Okra (?????) Online at Best Price in Pakistan,150.00 
Buy Fresh Loki (????) Online at Best Price in Pakistan,90.00 
Buy Fresh Broccoli (??????) Online at Best Price in Pakistan,598.00 
Buy Yellow Capsicum (???? ???? ???) Online at Best Price in Pakistan,395.00 
Buy Fresh Garlic (????) Online at Best Price in Pakistan,199.00 
Buy Fresh Ginger (????) Online at Best Price in Pakistan,140.00 
Buy Sweet Corn Online at Best Price in Pakistan,640.00 
Buy Fresh Turnip (????) Online at Best Price in Pakistan,65.00 
Buy Red Capsicum (??? ???? ???) Online at Best Price in Pakistan,395.00 
Buy Desi Lehsan Online at Best Price in Pakistan,90.00 
Buy Fresh Rocket Leaves Online at Best Price in Pakistan,120.00 
Buy Iceberg Lettuce Online at Best Price in Pakistan,248.00 
Buy Fresh Cabbage (?????) Online at Best Price in Pakistan,48.00 
Springs Ross Merry / PKT,265.00 
Buy Fresh Cabbage (?????) Online at Best Price in Pakistan,160.00 
Buy Fresh Avocado Online at Best Price in Pakistan,1450.00 
Buy Dried Thai Chili Online at Best Price in Pakistan,95.00 
Buy Fresh Kale Leaves Online at Best Price in Pakistan,395.00 
Buy Eureka Lemon (2pcs) Online at Best Price in Pakistan,975.00 
Buy Fresh Onions (????) Online at Best Price in Pakistan,70.00 
Buy Fresh Garlic Peel (????? ??? ????) Online at Best Price in Pakistan,135.00 
Buy Fresh Lemon (????) Online at Best Price in Pakistan,224.00 
Buy Fresh Green Peas (???) Online at Best Price in Pakistan,120.00 
Buy Fresh Potato (??? ) Online at Best Price in Pakistan,80.00 
Buy Fresh Carrot (????) Online at Best Price in Pakistan,100.00 
Buy Firm Tofu Online at Best Price in Pakistan,495.00 
Buy Thai Chili Red Online at Best Price in Pakistan,750.00 
Buy Fresh Mushroom Online at Best Price in Pakistan,525.00 
Buy Fresh Zucchini Online at Best Price in Pakistan,70.00 
Buy Fresh Red Potato Online at Best Price in Pakistan,90.00 
Buy Fresh Baby Carrot Online at Best Price in Pakistan,1675.00 
Buy Fresh Cauliflower (???? ?????) Online at Best Price in Pakistan,120.00 
Buy Fresh Soft Tofu Online at Best Price in Pakistan,250.00 
Puck Thick Cream 250ml,1400.00 
Kiri Fresh Cream & Milk Portion Cream Cheese 400g,4600.00 
Nestle Sahne Creme De Leite Original Dessert 170g,790.00 
Arizona Fields Sandwich Slices 12s 200g,810.00 
Adam's Cheddar Cheese 200g,620.00 
Dodoni Goat Cheese Authentic Greek Cheese 200g,2690.00 
Soignon Goat Cheese Honey 125g,2900.00 
Almarai Mozzarella Shredded Cheese Full Fat 450g,5150.00 
Frico Selection Cumin Cheese 302gm,3900.00 
Frico Edam Cheese 5x20g,2300.00 
Almarai Halloumi Full-fat 225g,2300.00 
Maria's Cheddar Cheese Sliced 150g,2125.00 
Arizona Fields Triangles 24 Portions 300g,1350.00 
President Cheese Light Mozzarella 400g,5900.00 
Almarai Feta Cheese 200g,1450.00 
Cottage Foods Low Fat Soft Cottage Cheese 200g,535.00 
Halloumi Traditional Cyprus Cheese 200g,750.00 
Morinaga Silken Tofu Firm 349g,2350.00 
Happy Cow Regular 24 Portions 360g,2150.00 
Adam's Danish Mozzarella Cheese 2kg,4990.00 
Nurpur Dairy Cream 200ml,220.00 
Arizona Fields Light Cheese Slice 200g,750.00 
President Delicious Cheddar Cheese 200g,1750.00 
Maria's Yellow Cheddar Cheese Sliced 150g,2125.00 
Puck Thick Cream 125ml,680.00 
Pinar Fresh Cream Cheese 200g,2325.00 
Happy Cow Catring Slice 800g,4000.00 
Almarai Creem Cheese 24 Portions 432g,3500.00 
Soignon Goat Cheese Garlic And Herbs 125g,2900.00 
The Three Cow Feta Cheese 500g,3000.00 
Arla Kids Cheese Sticks 6 X 18g,860.00 
Fresh St Mozzarella Shredded Cheese 200g Pouch,830.00 
Puck Organic Cream Cheese 150g,1850.00 
Adam's Cheddar Cheese 2kg,3650.00 
Adams Pizza Cheese 100g,350.00 
Nurpur American Buregr Slice Cheese 200g,650.00 
Almarai Cheese Cream Jar 200g,1350.00 
Almarai Whipping Cream 250ml,1750.00 
Nurpur Cheddar Cheese Slices 10-pack 200g,620.00 
Nestle Milk Pak Dairy Whipping Cream 200ml,240.00 
Almarai Cheddar Cheese Slices 400g,3050.00 
Adam's Pizza Cheese 200g,660.00 
Philadelphia Light 280g,3150.00 
Kraft Cheddar Cheese 250g,2150.00 
Farm Jars Co Chilli Crisp Labneh Cheese Jar 330g,1140.00 
La Vache Qui Rit Dip & Crunch 4x35g,2200.00 
Almarai Feta Cheese Low Fat & Less Salt 400g,2700.00 
Fresh St Shredded Cheese 200g,650.00 
Saint Agur Cheese 125g,3050.00 
The Three Cows White Cheese Low Fat 200g,1375.00 
Kirkland Soft & Chewy Barre Tendre Granola Bar 24g,390.00 
Fauji Wheat Flakes 250g,600.00 
Reeses Puff Peanut Butter & Cocoa Cereal Bar 24g,565.00 
Ryvita Thins Three Cheese Flatbreads 125g,2300.00 
M&s Strawberry & White Chocolate Crunch 500g,3850.00 
Quaker Chewy Apple Fruit Crumble Granola Bars 120g,2100.00 
M&s Totally Nuts Muesli 600g,3850.00 
Weetos Cereal Box 375g,2250.00 
Kelloggs Corn Flakes 1kg.,1800.00 
Daali Granola 350g,900.00 
M&s Porridge Whole Scottish Oats 500g,3850.00 
M&s Blueberry Wheats 500g,3850.00 
Trader Joe's Crispy Jalapeno Pieces 156g,2500.00 
Bayara Prunes Dried Jumbo 400g,3650.00 
Nature Valley Granola Bars Oats & Chocolate 10s,2050.00 
Nature Valley Crunchy Oats & Honey Granola Bar 10s,2050.00 
Kupiec Rice Cakes Multigrain 90g,1400.00 
General Mills Cheerios Veggie Blends Apple Strawberry Cereal 300g,3250.00 
Alpen Delight 92 Chocolate Honeycomb Bar 5s,1750.00 
M&s High Protein Choco Crunch 500g,3850.00 
Sainbury's Corn Flakes 500g,2250.00 
M&s Four Nut & Flame Raisin Granola 500g,3850.00 
Fitlicious Apricort And Fig Museli 450g,1750.00 
M&s Porridge Jumbo Scottish Oats 500g,3850.00 
M&s High Protein Peanut & Oat Granola 400g,3850.00 
Nature Valley Dark Chocolate Nut Garnola Bars 210g,2700.00 
M&S Malted Wheats 750g,3800.00 
Fauji Muesli 250g,865.00 
M&s Special Flakes 500g,3700.00 
Nestle Fitness Original 375gm,3500.00 
M&s Very Berry Pomegranate & Orange Granola 500g,3850.00 
Nestle Koko Krunch Duo Sumber 330g,1400.00 
M&s Strawberry & Cherry Special Flakes 500g,4450.00 
M&s Fruit & Fibre Flakes 500g,3150.00 
General Mills Corn Chex Gluten Free Oats 340gm,3250.00 
Treat Five Seed Granola Sugar Free 360g,1649.00 
Nestle Cerelac Rasberry Pear Banana & Oats 90gm,1550.00 
M&s Fruit Muesli 1kg,5490.00 
M&s Bran Sticks High Fibre Wheat Bran Sticks 500g,3150.00 
M&s Apple & Cinnamon Crunch 500g,2990.00 
M&s Corn Flakes 500g,2290.00 
Nature Valley Peanut Garnola Bars 210g,2550.00 
M&s Honey Nut Corn Flakes 500g,3300.00 
Ryvita Thins Cheddar & Creaked Flat Breads 125g,2300.00 
Sainsbury's Porridge Oats 1kg,3290.00 
Nutrilov Lemon Cashew Bar 45g,210.00 
Kelloggs Froot Loops 300g,1900.00 
Nutrilov Lemon Cashew Granola Bar 6 X 45g,1210.00 
M&s Bran Flakes 500g,3200.00 
General Mills Cinnamon Toast Crunch Waffle Cereal 328g,3250.00 
Honest Peri Peri Hot Sauce 150ml,250.00 
Filfil Sauce Afocado Mayocado 380g,1575.00 
American Garden Hickory Smoked Bbq Sauce 510g,1820.00 
Shangrila Imli Ginger Sauce 400g Pouch,220.00 
Mama Sita's Sweet Chili Sauce 390g,1250.00 
Remia Dijon Mustard Jar 850g,2875.00 
Fresh St Thai Chilli Sauce 245g,740.00 
Best Day Cherry Pepper In Brine And Vinegar 480g,1000.00 
Fresh ST Tex Mex Sauce 500ml,1840.00 
M&s Special Burger Sauce 100ml,2700.00 
M&s Chilli Pesto 190g,2450.00 
Filfil Sauce Turkish Pul Biber Hot 180g,950.00 
Filfil Sauce Afocado Burger Spices 325g,1375.00 
Frenchs Classic Yellow Mustard 226g,700.00 
Knorr Barbecue Sauce 400g,245.00 
Honest Honey Mustard 275ml,510.00 
Fresh ST Algerian Sauce 500ml,1840.00 
Key White Vinegar 750ml,200.00 
M&s Hot English Mustard 180g,1850.00 
Filfil Sauce Honey Q Sweet And Chili 450g,1675.00 
Mama Sita's Oyster Sauce 405ml,1350.00 
Herman Pasta Sauce 380g,1000.00 
Fresh St American Sauce 500ml,1840.00 
Filfil Sauce Afocado Arabic Garlic 320g,1375.00 
Great Gherkins Hamburger Dill Chips 946ml,4500.00 
Royal Arm Grape Leaves In Brine 1kg,2050.00 
De Nigris Red Grape Vinegar 500ml,1025.00 
Azadeh's Cuisine Kimchi Cucumber 500g,550.00 
De Nigris Balsamic Vinegar Of Modena 500ml,1125.00 
Nando's Peri-peri Garlic Medium Sauce 250g,1250.00 
Remia De Dijon Mustard 370g,1575.00 
Fresh ST Samurai Sauce 500ml,1840.00 
Heinz Beans In Tomato Sauce 415g,690.00 
Marks & Spencer Creamy Burger Mayo 280ml,2700.00 
Ragu Old World Style Marinara Sauce 396g,1860.00 
Mara Genovese Basil Pesto 180g,1390.00 
De Nigris White Grape Vinegar 500ml,1025.00 
Fresh St Mayo Chup 300g,1000.00 
Filipoo Berio Tomato & Ricotta Pesto 190g.,1250.00 
M&s Tomato Ketchup Reduced Sugar 495g,2900.00 
M&s Vibrant & Zesty Italian Green Pesto 190g,1890.00 
Haut Notch Ginger & Garlic Paste 320g,525.00 
M&s Smooth Peanut Butter 340g,2800.00 
Best Day Pickled Sliced Gherkins In Brine 950g,1260.00 
Filfil Sauce Afocado Creamy French 380g,1575.00 
Heinz Tomato Ketchup Bottle 295g,800.00 
Filfil Sauce Caesar Avocado 380g,1575.00 
M&s Red Pesto 190g,2450.00 
Ragu Old World Style Mushroom Sauce 396g,1860.00 
Tuscan Garden Hot Giardiniera 454g,4150.00 
M&s Mild Chili Powder 48g,1225.00 
Italiano Peri Peri Seasoning 75g,340.00 
Nice Mustard Seeds (rai) 50g,40.00 
Nice Red Chilli Powder 100g,130.00 
Nice Black Pepper Whole 100g,325.00 
Nice Red Chilli Whole 100g,130.00 
Nice Choti Elachi 50g,925.00 
National Foods Karachi Khaas Nihari Masala 56g,140.00 
Nice Dhuniya Powder 100g,85.00 
Nice Khatai Powder 100g,95.00 
National Foods Karachi Khaas Quorma Masala 86g,270.00 
Falak Flaming Nashville Hot Chicken Podwer 75g,299.00 
Italiano Lemon Salt 100g,170.00 
Nice Badiyan Phol 25g,80.00 
Bakea Tarragon Herbs 20gm,340.00 
M&s Tarragon 12g,1225.00 
Nice Imli 500g.,290.00 
Nice Haldi Powder 100g,115.00 
Nice Imli 200g,125.00 
National Foods Karachi Khaas Nihari Masala 112g,270.00 
Italiano Tajina With Lime Classic Seasoning 120g,830.00 
Nice Coconut Powder 100g,220.00 
Nice Zeera White 100g,175.00 
Nice Khash Khash 100gm,140.00 
Nice Tez Path 10g,25.00 
Nice Zeera Black 100g,425.00 
Nice Bari Elachi 25g,250.00 
Nice Chat Masala 100gm,95.00 
Nice Black Salt Powder 100gm,25.00 
Nice Garam Masala Powder 100g.,310.00 
Nice Channa (plain) 200g,230.00 
Nice Plum Irani (alu Bhukara) 100gm,120.00 
Prime Frozen Foods Crispy Bread Crumbs 800g,475.00 
Nice Bari Elachi 50g,500.00 
Falak Chicken Zaiqa Powder 1kg,720.00 
Eco Global Foods Rosemary 40g,265.00 
Nice Kashmiri Mirch Powder 100g,170.00 
M&s Italian Herb Seasoning 18g,1225.00 
Nice Dhuniya Whole 100g.,88.80 
Nice Anar Dana 50g,60.00 
Nice Soonf Plain 100g,100.00 
M&s Oregano 12g,1225.00 
Nice Black Papper Powder 50g,175.00 
Nice Ajwain 50g,45.00 
Nice Plum Irani (alu Bukhara) 200g,240.00 
Nice Kalongi 50g,80.00 
Nice Cinnamon Stick 50g,90.00 
Nice Methi Dana 50g,45.00 
Nice Red Chilli Creshed 200g,240.00 
Nice White Pepper Whole 50g,240.00 
Springs Split Green Gram (moong Chilka) 1kg,440.00 
Springs Vip Channa Daal 1kg,300.00 
Springs Pearl Millet (bajra) 1kg,130.00 
Springs Vip Green Gram (moong Daal) 1kg,440.00 
Springs Black Channa 1kg,385.00 
Springs White Kidney Beans (lobia) 1kg,345.00 
Arf Kabli Channa 9mm 1kg,415.00 
Springs Gundum 1kg,125.00 
Springs Sabut Moong 1kg,415.00 
Springs Daal Maash Chilki (haari) 1kg,435.00 
Springs Vip Maash Ki Daal 1kg,425.00 
Nice Soya Bean 1kg,800.00 
Spring Whole Black Lentil (black Masoor Daal) 1kg,275.00 
Arf Daal Channa 1kg,205.00 
Springs Pigeon Peas (daal Arhar) 1kg,810.00 
Springs Red Kidney Beans (lobia) 1kg,710.00 
Springs Maash Ki Daal Sabut 1kg,420.00 
Nice Dry Ginger Whole 50 Gm,105.00 
Arf Kala Channa 1kg,185.00 
Springs Daal Red Masoor 1kg,310.00 
Springs Daal Maash Chilki 1kg,425.00 
Springs Kabuli Chickpeas (channa) 1kg,490.00 
Sugarie Granulated Brown Pure Cane Sugar 1kg,420.00 
Springs Sugar 1kg,180.00 
Mother Choice Pure Baking Soda 100g,85.00 
Danette Pudding Vanilla 90g,500.00 
Almarai Chocolate Dessert 85g,465.00 
Italiano Cooking Chocolate - Dark 200g,425.00 
Rossmoor Instant Yeast 11g,45.00 
Almarai Vanilla Custard Dessert 85g,465.00 
Italiano Brown Sugar 300g,145.00 
Italiano Chocolate Pudding Mix 100g,120.00 
Tropicana Slim Stevia Sweetener 100 Sachets,1200.00 
Italiano Cocoa Powder 50g,180.00 
Opa Fries Original 900g,900.00 
Rafhan Jelly Strawberry 80g,160.00 
Fresh St French Fries Straight 1kg (local),880.00 
Rossmoor Instant Yeast 3 X 11g,125.00 
Laziza Sheer Khurma Dessert Mix - Saffron 160g,220.00 
Danette Dessert Cr?me Caramel 80g,380.00 
Tropicana Slim Stevia Diet 50 Sticks,1290.00 
Rossmoor Cocoa Powder 85g,340.00 
Hershey's Syrup - Chocolate Flavor 680g,1400.00 
Sugarie Powdered Brown Pure Cane Sugar 1kg,420.00 
Opa Fries Original Thin Cut 2kg,1720.00 
Almarai Cream Caramel Custard 100g,460.00 
Sabroso Plain Paratha 5s,245.00 
Italiano Baking Powder 100g,130.00 
Rafhan Pudding Egg 65g,160.00 
Dimplin Chicken Shiitake Dumplings 12s,1190.00 
Danette Pudding Chocolate 90g,480.00 
Sugarie Powdered Brown Pure Cane Sugar 500gm,220.00 
Rafhan Vanilla Custard 275g,190.00 
Rafhan Cornflour 275g,160.00 
Tropicana Slim Stevia Sweetener 250g,1600.00 
Sugarie Granulated Brown Sugar Sachets 100s,260.00 
K&n's Hot Tenders 780g,1310.00 
Italiano Cooking Chocolate - Milk 200g,425.00 
Italiano Baking Soda 100g,85.00 
Opa Fries Crinkle 900g,900.00 
Rossmoor Instant Coconut Milk Powder 50g,220.00 
Italiano Cocoa Powder 100g,360.00 
Chashnik Granulated Brown Sugar 500g,175.00 
Italiano French Vanilla Pudding Mix 90g,120.00 
Tropicana Slim Stevia Sweetener 125g,1200.00 
Italiano Chocolate Chips 85g,275.00 
Sugarie Pure Cane Icing Sugar 300g,150.00 
Kitchen 71 Waffles Classic 6s 350g,560.00 
Sabroso Crispy Chicken Strips 600g,980.00 
Sufi Chicken Samosa 15s,365.00 
Falak Desi Gur 500g,490.00 
Kitchen 71 Chocolate Chip Waffles 6s,620.00 
Falak Flaming Nashville Hot Chicken Podwer 75g,299.00 
Eco Global Foods Rosemary 40g,265.00 
Nice Red Chilli Powder 100g,130.00 
M&s Mild Chili Powder 48g,1225.00 
Nice Black Pepper Whole 100g,325.00 
Nice Chat Masala 100gm,95.00 
Nice Red Chilli Whole 100g,130.00 
Nice Choti Elachi 50g,925.00 
Nice Channa (plain) 200g,230.00 
Falak Chicken Zaiqa Powder 1kg,720.00 
M&s Oregano 12g,1225.00 
Nice Mustard Seeds (rai) 50g,40.00 
National Foods Karachi Khaas Quorma Masala 86g,270.00 
Nice Haldi Powder 100g,115.00 
Nice Bari Elachi 25g,250.00 
Nice Dhuniya Whole 100g.,88.80 
Nice Ajwain 50g,45.00 
Italiano Peri Peri Seasoning 75g,340.00 
Nice Khatai Powder 100g,95.00 
Nice Dhuniya Powder 100g,85.00 
Nice Garam Masala Powder 100g.,310.00 
Nice Plum Irani (alu Bhukara) 100gm,120.00 
Italiano Tajina With Lime Classic Seasoning 120g,830.00 
M&s Tarragon 12g,1225.00 
Nice Red Chilli Creshed 200g,240.00 
Nice Methi Dana 50g,45.00 
M&s Italian Herb Seasoning 18g,1225.00 
Nice Imli 200g,125.00 
Nice Kashmiri Mirch Powder 100g,170.00 
Nice Imli 500g.,290.00 
Nice Zeera White 100g,175.00 
Bakea Tarragon Herbs 20gm,340.00 
Nice Plum Irani (alu Bukhara) 200g,240.00 
Nice Tez Path 10g,25.00 
Nice Bari Elachi 50g,500.00 
Nice Soonf Plain 100g,100.00 
Nice Cinnamon Stick 50g,90.00 
Nice Coconut Powder 100g,220.00 
Italiano Lemon Salt 100g,170.00 
Nice Black Salt Powder 100gm,25.00 
Nice Khash Khash 100gm,140.00 
National Foods Karachi Khaas Nihari Masala 56g,140.00 
Nice Badiyan Phol 25g,80.00 
Prime Frozen Foods Crispy Bread Crumbs 800g,475.00 
National Foods Karachi Khaas Nihari Masala 112g,270.00 
Nice White Pepper Whole 50g,240.00 
Nice Kalongi 50g,80.00 
Nice Zeera Black 100g,425.00 
Nice Anar Dana 50g,60.00 
Nice Black Papper Powder 50g,175.00 
Springs Kabuli Chickpeas (channa) 1kg,490.00 
Spring Whole Black Lentil (black Masoor Daal) 1kg,275.00 
Springs Black Channa 1kg,385.00 
Arf Kala Channa 1kg,185.00 
Springs Pearl Millet (bajra) 1kg,130.00 
Arf Kabli Channa 9mm 1kg,415.00 
Springs White Kidney Beans (lobia) 1kg,345.00 
Springs Daal Maash Chilki 1kg,425.00 
Nice Soya Bean 1kg,800.00 
Springs Vip Green Gram (moong Daal) 1kg,440.00 
Springs Vip Channa Daal 1kg,300.00 
Springs Daal Red Masoor 1kg,310.00 
Nice Dry Ginger Whole 50 Gm,105.00 
Springs Daal Maash Chilki (haari) 1kg,435.00 
Springs Pigeon Peas (daal Arhar) 1kg,810.00 
Springs Sabut Moong 1kg,415.00 
Springs Split Green Gram (moong Chilka) 1kg,440.00 
Springs Gundum 1kg,125.00 
Arf Daal Channa 1kg,205.00 
Springs Maash Ki Daal Sabut 1kg,420.00 
Springs Red Kidney Beans (lobia) 1kg,710.00 
Springs Vip Maash Ki Daal 1kg,425.00 
Sugarie Granulated Brown Pure Cane Sugar 1kg,420.00 
Italiano Cocoa Powder 50g,180.00 
Rafhan Jelly Strawberry 80g,160.00 
Tropicana Slim Stevia Sweetener 125g,1200.00 
Sugarie Powdered Brown Pure Cane Sugar 500gm,220.00 
Kitchen 71 Chocolate Chip Waffles 6s,620.00 
Almarai Vanilla Custard Dessert 85g,465.00 
Opa Fries Crinkle 900g,900.00 
Opa Fries Original Thin Cut 2kg,1720.00 
Rossmoor Cocoa Powder 85g,340.00 
Dimplin Chicken Shiitake Dumplings 12s,1190.00 
Rafhan Cornflour 275g,160.00 
Sugarie Pure Cane Icing Sugar 300g,150.00 
Danette Pudding Vanilla 90g,500.00 
Rossmoor Instant Yeast 11g,45.00 
Italiano Cocoa Powder 100g,360.00 
Sabroso Crispy Chicken Strips 600g,980.00 
Italiano Baking Soda 100g,85.00 
Tropicana Slim Stevia Sweetener 250g,1600.00 
Tropicana Slim Stevia Sweetener 100 Sachets,1200.00 
Sufi Chicken Samosa 15s,365.00 
Italiano Brown Sugar 300g,145.00 
Chashnik Granulated Brown Sugar 500g,175.00 
Rossmoor Instant Coconut Milk Powder 50g,220.00 
Falak Desi Gur 500g,490.00 
Hershey's Syrup - Chocolate Flavor 680g,1400.00 
Italiano Cooking Chocolate - Milk 200g,425.00 
Mother Choice Pure Baking Soda 100g,85.00 
Italiano Cooking Chocolate - Dark 200g,425.00 
Tropicana Slim Stevia Diet 50 Sticks,1290.00 
Rafhan Pudding Egg 65g,160.00 
Opa Fries Original 900g,900.00 
Danette Dessert Cr?me Caramel 80g,380.00 
Sugarie Powdered Brown Pure Cane Sugar 1kg,420.00 
Italiano Baking Powder 100g,130.00 
Sugarie Granulated Brown Sugar Sachets 100s,260.00 
Springs Sugar 1kg,180.00 
Kitchen 71 Waffles Classic 6s 350g,560.00 
Italiano Chocolate Chips 85g,275.00 
Fresh St French Fries Straight 1kg (local),880.00 
Almarai Cream Caramel Custard 100g,460.00 
Danette Pudding Chocolate 90g,480.00 
Rafhan Vanilla Custard 275g,190.00 
Italiano French Vanilla Pudding Mix 90g,120.00 
Almarai Chocolate Dessert 85g,465.00 
Laziza Sheer Khurma Dessert Mix - Saffron 160g,220.00 
Italiano Chocolate Pudding Mix 100g,120.00 
Sabroso Plain Paratha 5s,245.00 
K&n's Hot Tenders 780g,1310.00 
Rossmoor Instant Yeast 3 X 11g,125.00 
Reeses Puff Miniatures Milk & Peanut Butter Chocolate 165g,3842.75 
Galaxy Flutes Chocolate 22.5g,256.50 
Twix Choco Hazelnut 5x50g=250gm,2850.00 
Toblerone Orange Twist Swiss Milk Chocolate 360g,5415.00 
Milka Luflee Alpenmilch Milk Chocolate 100g,950.00 
Elvan Fondante Caramel Chocolate 300g,2280.00 
Milka Leche De Los Chocolate 100g,760.00 
Lindt Swiss Premium Dark Hazelnut Choclate 300g,3800.00 
Milka Daim Milk Chocolate 100g,950.00 
Lindt Excellence Orange Intense Dark With Almond Chocolate,1596.00 
Milka Caramel Creme Milk Chocolate 100g,950.00 
M&s Milk Chocolate Honey Comb 120g,2470.00 
Nestle Quality Street 410g,4750.00 
Ritter Sport Kakao-Mouse Chocolate 100g,1596.00 
Galaxy Minis Hazelnut Chocolate 162.5g,2232.50 
Sorbon Mini Cone Assorted 350g,1092.50 
Lindt Noccionoir Dark Hazelnut Bar 35g,669.75 
Hersheys Kisses Dark Chocolate 146g,1615.00 
Venice Madlen Milk Chocolate 300g,2280.00 
Lindt Swiss Premium Raspberries & Almond Chocolate 300g,5000.00 
Lindt Swiss Classic White Chocolate 100g,1472.50 
Waitrose Chocolate Coated Peanuts 135g,1520.00 
Cadbury Timeout Milk Chocolate Covered Wafer 6x18g (108g),703.00 
Nestle Kitkat Dark 70% 41.5g,450.00 
Cadbury Caramello Koala Sharepack 12 180g,3766.75 
Cadbury Crunchie Rocks Choco Pouch 110gm,2379.75 
Milky Way Minis Chocolote 227g,1995.00 
Sorbon Mini Cone Dark & Almond Box,760.00 
Lindt Lindor Milk Chocolates 337g,6175.00 
Galaxy Smooth Caramel Chocolate 135g,997.50 
Nestle Kitkat Dark 9 X 20.7g,2707.50 
Cadbury Dairy Milk Crunchie Bits Chocolate 180g,2280.00 
Hersheys Nuggets Milk Chocolate 218g,4607.50 
Lindt Lindor Milk Chocolate 137g,2470.00 
Cadbury Dairy Milk Wafer Rolls X2 8g,20.00 
Galaxy Salted Caramel Chocolate 135g,997.50 
Cadbury Dairy Milk Caramel Chocolate 180g,2280.00 
Lindt Classic Recipe Caramel Sea Salt Chocolate 100g,1596.00 
M&S Gigantic Buttons Milk Chocolate 150g,2517.50 
Nestle Nesquik Gofret 26.7g,190.00 
Lindt Classic Recipe Hazelnut Chocolate 190g,2850.00 
Menier Swiss Dark Chocolate 70% Cocoa 100g,1900.00 
Godiva Signature Blood Orange Dark Chocolates 60g,997.50 
Hersheys Cookies & Cream 30 Mini Bars 382g,6127.50 
Lindt Classic Recipe Crispy Chocolate 100g,1680.00 
Toblerone Chocolate Milk 360g,5700.00 
Toblerone Honey & Almond Noucat Chocolate 200g,2090.00 
Toblerone Fruit Nut Chocolate 100g,831.25 
CiCi Flash Madlen Chocolate 160g,2802.50 
Sainsbury's Milk Chocolate Peanuts 180g,1995.00 
Lays Kettle Cooked Snacks 6.50z Bbq,2400.00 
Nabisco Ritz Crackers N Cheesy Dip 27g,750.00 
Cheez It Snapd Cheese & Chilli Baked Snacks 65g,1200.00 
Rehmat-e-shereen Masala Papdi 100g,140.00 
Nimco's Bareek Boondi 175g,250.00 
Ryvita Thins Sweet Chilli 125g,2300.00 
Cheez It Snapd Double Cheese Baked Snacks 65g,1200.00 
Kernel Pop Jalapeno Pop Corn 80g,120.00 
Tostitos Crispy Rounds Original 283.5g,2400.00 
Tostitos Hint Of Lime Flavoured Triangles 283.5g,2400.00 
Shahi Dal Moth 200g,200.00 
Lays Stax Original Chips 163g,1575.00 
Takis Waves Blue Heat Hot Chili Pepper Wavy Potato Chips 71g,1550.00 
Lays Paprika Chips 59g,80.00 
Tostitos Orignal Resturant Style 283.5g,2400.00 
Lays Stax Mesquite Barbecue Chips 155.9g,1575.00 
Pringles Chips Cheddar Cheese 40g,450.00 
Munchies Mix Snacks Flaming Hot 262.2g,3000.00 
Rehmat-e-shereen Mix Nimco 100g,135.00 
Rehmat-e-shereen Salty Peanuts 100g,180.00 
Italiano Art Of Cooking Popcorn Tin 284g,350.00 
Tiffany Papa Joe Movie Theater Butter Popcorn 33g,775.00 
Pringles Chips Sour Cream & Onion 47g,450.00 
Lays Kettle Cooked Orignal Chips 182.2g,2400.00 
Rehmat-e-shereen Dal Moong 100g,135.00 
Tostitos Chips 100z Organic Blue Corn,2400.00 
Lays Oven Baked Original 170.1g,2400.00 
Tiffany Papa Joe Classic Caramel Popcorn 50g,780.00 
Rehmat-e-shereen Bombay Gaathia 100g,135.00 
Rehmat-e-shereen Namkeen Chewra 100g,135.00 
Lay's Salted Chips 72g,100.00 
Rehmat-e-shereen Boondi 100g,135.00 
Rehmat-e-shereen Bombay Bareek Sev 100g,135.00 
Lays Stax Cheddar Chips 160g,1575.00 
Cheetos Crunchy 60.2g,1350.00 
Lays Wavy Flamin Hot Chips 27g,50.00 
M&s Honey Mustard & O"nion Pretzel 80g,1490.00 
Tostitos Cantina Traditional 283.5g,2400.00 
Lays Wavy Flamin Hot Chips 40g,70.00 
Lays Wavy Texas Bbq Chips 70g,100.00 
Lay's French Cheese 12g,20.00 
Cheetos Minis Flamin Hot Snacks 102.7g,2800.00 
Lays Kettle Cooked Jalapeno Chips 184.2g,2400.00 
Tiffany Papa Joe Sweet & Salty Popcorn 100g,1550.00 
Takis Blue Heat Tortilla Chips 113.4g,2310.00 
Lay's Paprika Chips 12g,20.00 
Shahi Nimko Chewra 200g,100.00 
Tostitos Scoops Original Chips 283.5g,2400.00 
Ruffles Chips Sour Cream & Cheddar 6.50z,2400.00 
Doritos Minis Nacho Cheese Chips 145.2g,2800.00 
Super Habib Oil 4.5lit Bottle,2700.00 
Italiano Mustard Oil 210ml,325.00 
Delesol Sesame Oil 500ml,1200.00 
Soya Supreme Olive Cooking Oil Pouch 1ltr,639.00 
Italiano Mustard Oil 120ml,210.00 
Sufi Sunflower Cooking Oil 1ltr Pouch,630.00 
Mundial Olive Pomace Oil 125ml,620.00 
Dalda Sunflower Oil 1ltr Pouch With Nozzle,589.00 
M&s Olive Oil Spray 200ml,2400.00 
Sufi Sunflower Cooking Oil 4.5liters Bottle,2755.00 
Olpers Tarrka - Asli Desi Ghee 1kg,2520.00 
Suree Sesame Oil 295ml,1950.00 
Italiano Almond Oil 200ml,520.00 
Mundial Extra Virgin Olive Oil 3Ltr Bottle,11850.00 
Rivayat Cooking Oil 1 Ltr Bottle,620.00 
Marhaba Castor Oil 25ml,65.00 
Coosur Olive Pomace Oil 2ltr,6250.00 
The Earth's Virgin Coconut Oil 260ml,1050.00 
Mezan Cooking Oil 4.5ltr,2760.00 
The Earth's Mct Oil 220ml,2100.00 
Borges Olive Oil 100ml,1000.00 
The Earth's Mct Oil 120ml,1500.00 
Coosur Pomace Olive Oil Extra Virgin 1ltr,3600.00 
The Earth's Virgin Coconut Oil 130ml,630.00 
Coroli Canola Oil 1.8ltr,2300.00 
Rivayat Khalis Canola Oil 1ltr,615.00 
Kallar Kahar First Cold-Pressed Extra Virgin Olive Oil 250ml,1595.00 
Kallar Kahar Chilli & Garlic Virgin Olive Oil 250ml,1595.00 
Sasso Olive Oil Bottle 1ltr,6400.00 
Dalda Olive Oil Pomace 4ltr,7700.00 
Borges Extra Virgin Olive Oil Original 250ml,2400.00 
Dalda Sunflower Oil 1ltr Pouch,579.00 
Canolive Cooking Oil Nozal 1 Ltr,679.00 
Italia Extra Virgin Olive Oil 250ml,1760.00 
Tullo Cooking Oil 5ltr,2775.00 
Aseel Pure Butter Ghee 800ml,3850.00 
Filippo Berio Extra Light Olive Oil 3ltr,15000.00 
Crisco Butter Flavour No-stick Spray 170g,1700.00 
Soya Supreme Cooking Oil 3l,1860.00 
Dalda Corn Oil 1ltr Pouch With Nozzle,665.00 
C.b.c Pure White Coconut Oil Tin 400g,750.00 
Rivayat Cooking Oil 3ltr Bottle,1830.00 
Rivayat Cooking Oil 1ltr Pouch,510.00 
Italia Exrta Virgin Olive Oil 500ml,3120.00 
Nurpur Desi Ghee Tin 1kg,2800.00 
Basso Extra Virgin Olive Oil Bottle 1ltr,4600.00 
Canolive Banaspati Pouch 1kg,575.00 
Coroli Pure Canola Oil 750ml,1190.00 
Mundial Pure Olive Oil 125ml,775.00 
Basso Olio Extra Vergine Olive Oil 500ml,2750.00 
Mitchell's Tomato Ketchup 400g,250.00 
Shangrila Tomato Ketchup 800gm Pouch,380.00 
Dipitt Tomato Ketchup 800g,430.00 
Heinz Tomato Ketchup 300g,620.00 
Knorr Tomato Ketchup 800g,435.00 
Essential Waitrose Mayonnaise 500ml,3500.00 
Dipitt Light Mayo 45% Less Fat 400g,380.00 
Dipitt Chinese Sauces Trio Pack 900ml,380.00 
Hellmann's Thick & Creamy Mayonnasie 475ml,399.00 
Young?? Mayonnaise 1ltr,670.00 
Young?? Mayo Garlic Sauce 500ml,610.00 
Young?? Mayonnaise 500ml,375.00 
Knorr Tomato Ketchup 400g,245.00 
Chef's Choice Mayo Maza Mayonnaise 2ltr,750.00 
Mitchell's Tomato Paste 450g,550.00 
Hellmann's Thick & Creamy Mayonnasie 900ml,699.00 
Heinz Smoky Mayonnaise 225ml,2600.00 
Dipitt Tomato Ketchup Less Sugar 320g,320.00 
National Foods Classic Mayo 450ml,330.00 
Hellmann's Real Mayonnaise Irresistible Taste 900ml,899.00 
Dipitt Classic Mayo 800ml,650.00 
Heinz Tomato Ketchup Sauce 342g,1200.00 
M&S Reduced Fat Mayo 500ml,3500.00 
Safa Tomato Paste 400g,475.00 
Shangrila Tomato Ketchup 225g Pouch,120.00 
Safa Tomato Paste 800g,1090.00 
Honest Chipotle Mayo 275ml,390.00 
Hellmann's Real Mayonnaise 450g,499.00 
Knorr Chilli Garlic Sauce 190g,120.00 
National Foods Tomato Ketchup 800ml Save Rs 30,375.00 
Waitrose Piri Piri Mayo 280ml,2700.00 
M&S Classic Mayo 500ml,3500.00 
Heinz Truffle Mayonnaise 225ml,2600.00 
National Foods Tomato Ketchup 400gm Pouch,225.00 
Knorr Tomato Ketchup 190g,120.00 
Dipitt Classic Mayo 400ml,315.00 
Mitchell's Tomato Ketchup 300g,280.00 
M&s Roasted Garlic Mayonnaise 280ml,2700.00 
Honest Tomato Ketchup 275ml,340.00 
Mitchell's Tomato Paste 850g,860.00 
Mitchells Tomato Ketchup 225g Pouch,140.00 
Mitchell's Tomato Ketchup 800g,390.00 
Nature's Home Tomato Paste 800g,560.00 
Dipitt Tomato Ketchup 300g,250.00 
Dipitt Tomato Ketchup 400g,240.00 
M&s Peri Peri Mayonnaise 280ml,2700.00 
Hellmann's Thick & Creamy Mayonnasie 180g,150.00 
Shangrila Tomato Ketchup 400g Pouch,210.00 
Honest Sriracha Mayo 275ml,390.00 
National Foods Tomato Ketchup 210g Save Rs 10,135.00 
Tapal Family Mixture 85g,190.00 
Ahmad Tea Sleep Camomile Honey & Lavender 20s,820.00 
Ahmad Tea Lemon & Lime Twist 20s,760.00 
Movenpick Gold Intense Coffee - 100gm,2300.00 
Raaz Premium Blend Coffee 500g,5100.00 
Tapal Green Tea Lemon Tea Bags 90s,720.00 
Ahmad Tea Immune Lemon Ginger & Turmeric 20s,820.00 
Tapal Danedar Elaichi Tea 170g,440.00 
Jasmine Tea Green 150g 2064,540.00 
Tapal Family Mixture Economy Pack 900g,1700.00 
Movenpick Gold Decaf Coffee 100g,2400.00 
Tapal Danedar Enveloped Tea Bags Elaichi 50-pack,600.00 
Tapal Green Tea Tropical Peach 30bags,250.00 
Lipton 100s Black Tea Bags + Free Green Tea,1116.00 
Jasmine Tea 120g 3090,420.00 
Movenpick Gold Intense Coffee 200g,4000.00 
Tapal Green Tea Ginger & Honey Tea Bags 30s,250.00 
Tapal Green Tea Pure Green 30 Tea Bags,250.00 
Private Club Caramel Flavour Coffee 100g,1260.00 
Tapal Green Tea Lemon Tea Bags 30s,250.00 
Quill Lemon Grass Tea 60g,255.00 
Tapal Family Mixture Tea Bags 100 Tea Bags,1000.00 
Twinings Green Tea & Lemon 40g,2000.00 
Tapal-gulbahar Green Tea-90g,140.00 
Biodegradable Teabags Cold Remedy 20s,750.00 
Tapal Danedar Tea 170g,380.00 
Nestle Coffee Mate Creamer 400g,1325.00 
Tapal Danedar Value Pack 430gm,900.00 
Tapal Danedar Tea Jar 440g,1100.00 
Tapal Green Tea Lemonsiass 100g,300.00 
Nestle Chocolate Creme Coffee Mate 289.1g,3100.00 
Hemani Teabags Mint 20s,410.00 
Green Tea Jasmine 45gm (30 Tea Bags),250.00 
Hemani Herbal Honey Tea Bags Slim & Smart Tea 20s,390.00 
Quill Olive Leaf Tea 50g,335.00 
Tapal Danedar Tea 95g,190.00 
Tapal Family Mixture Jar 440g,1100.00 
Ahmad Tea Digest Sweet Mint & Fennel 20s,820.00 
Ahmad Tea Beauty Peach Carob & Rose Petals 20s,820.00 
Tapal Danedar Tea Enveloped Tea Bags 100-pack,1000.00 
Tapal Danedar Teabags 25s,250.00 
Nestle Chocolate Cream Gluten Free Coffee Mate 425.2g,3100.00 
Movenpick Gold Original Coffee 200g,4000.00 
Tapal Danedar Enveloped Tea Bags ??50 Pcs,550.00 
Tapal Family Mixture Economy Pack 430g,900.00 
Tapal Family Mixture Tea 170g,380.00 
Brooke Bond Supreme Tea Rs.100 Off 900g,1700.00 
Tapal Danedar Tea Bags 100s,1000.00 
Jasmine Tea 227g 1032,780.00 
Tapal Danedar Tea 350g Pouch,720.00 
Rainbow Original Evaporated Milk 10x15g,1400.00 
Millac Tea Millac Milk Powder 850g,1570.00 
Dayfresh Mango Milk 225ml,100.00 
Nestle Milk Pak Full Cream Milk 1ltr,360.00 
Dayfresh Premium Whole Milk 1ltr,400.00 
Olpers Chocolate Flavoured Milk 110ml,50.00 
Pakola Flavoured Milk Chocolate 250ml,90.00 
Dayfresh Belgian Chocolate Milk 225ml,145.00 
Dayfresh. Full Cream Milk 250ml,115.00 
Nestle Everyday Original Milk Powder 850g Save Rs 100,1700.00 
Olpers Full Cream Milk 250ml Pouch,90.00 
Olpers Strawberry Flavored Milk 180ml,90.00 
Dayfresh Pista Zafraan 235ml,100.00 
Dayfresh Milk Full Cream 1 Ltr,325.00 
Nestle Everyday Original Powder Milk 560g,1150.00 
Millac Tea Millac Instant Tea Whitener 390g,740.00 
Olpers Full Cream Milk 1000ml,360.00 
Olpers Strawberry Flavoured Milk 110ml,50.00 
Preema Blueberry Laban 180ml,120.00 
Akin Almond Organic Milk 1ltr,2050.00 
Pakola Chocolate Flavoured Milk 235ml,90.00 
Nestle Everyday Original Milk Powder 900g,1720.00 
Dayfresh Lactose Free Milk 200 Ml,100.00 
Dayfresh Flavour Milk Strawberry 225ml,100.00 
Olpers Full Cream Milk Powder 800g,2100.00 
Pakola Zafran Flavoured Milk 250ml,90.00 
Pakola Ice Cream Flavoured Milk 250ml,90.00 
Prema Mango Laban 180ml,120.00 
Nurpur Full Cream Milk 1ltr,355.00 
Nurpur Full Cream Milk 250ml.,95.00 
Dayfresh Lactose Free Milk 1ltr,400.00 
Nestle Everyday Kashmiri Chai 18g,70.00 
Almarai Full Fat Cream Milk 1ltr,1450.00 
Polac Sweetened Condensed Filled Milk 390g,340.00 
Skimillac Instant Skimmed Milk Powder 500g Tin,1360.00 
Dairy Omung 1.5l,380.00 
Dayfresh Flavoured Milk Chocolate 225ml,100.00 
Nestle Nesvita Milk Pak Hi-calcium Low Fat Milk 200ml,90.00 
Yakult Skimmed Milk Drink Lite 5x80ml,3900.00 
Pakola Kulfa Flavoured Milk 200ml,80.00 
Prema Laban Drinking Yogurt Salted 180ml,120.00 
Nestle Milk Pak Full Cream Milk 250ml,90.00 
Nurpur Full Cream Milk 125ml,55.00 
Pakola Flavoured Milk Strawberry 250ml,90.00 
Nestle Everyday Orignal Milk Powder 230g,480.00 
Pakola Double Delight Flavoured Milk 200ml,75.00 
Nestle Everyday Cardamom Chai 20g,70.00 
Olpers Full Cream Milk 1.5ltr,525.00 
Prema Laban Drinking Yogurt Strawberry 180ml,120.00 
Nestle Nesvita Milk Pak Hi-calcium Low Fat Milk 1ltr,400.00 
Millac Plain Yogurt 400gm,250.00 
Nestle Raita Zeera 220g,170.00 
Movenpick Moments Of Joy Raspberry Yogurt 100g,650.00 
Bauer Fru Fru Peach Passin Fruit Yoghurt 100g,570.00 
Fage Total Greek Yogurt 0% Fat 170g,2275.00 
Preema Natural Yougurt Low Fat 400g,240.00 
Nestle Yogurt Unsweeted 400g,260.00 
Nada Greek Yoghurt Plain 160g,1200.00 
Bauer Fru Fru Cherry Fruit Yoghurt 100g.,570.00 
Nefis Strained Probiotic Greek Yogurt 500g,950.00 
Movenpick Plain Greek Style Yogurt 100g,650.00 
Elle & Vire Fruits Tropical Yogurt 125g,750.00 
Bauer Fru Fru Strawberry Freit Yoghurt 100g,570.00 
Movenpick Moments Of Joy Blueberry Yogurt 100g,650.00 
Almarai Fresh Yoghurt Low Fat 500g,2000.00 
Movenpick Plain Greek Style Yogurt 400g,2100.00 
Fage Total 0% Strawberry Yoghurt 170g,2275.00 
Almarai Layered Black Cherry Yogurt 140g,650.00 
Prema Natural Yogurt 400g,240.00 
Nestle Yogurt Sweet N' Tasty 400g,250.00 
Movenpick Mango-Vanilla Greek Style Yogurt 400g,2100.00 
Nestle Raita Mint Podina 220g,170.00 
Dayfresh Fruit Yogurt Blueberry 100g,120.00 
Prema Chunky Blueberry Yogurt 90g,115.00 
Nada Greek Yoghurt Low Fat Blueberry 160g,1260.00 
Elle & Vire Mon Grec Vanilla Yogurt 125g,875.00 
Almarai Blueberry Greek Style Yoghurt 150g,1145.00 
Cottage Foods Mango Yogurt 100g,103.00 
Dayfresh Mast Dahi Pouch 200gm,90.00 
Prema Chunky Strawberry Yogurt 90g,115.00 
Fage Total Greek Yogurt 5% Fat 170g,2275.00 
Millac Mango Yogurt 250g,220.00 
Movenpick Moments Of Joy Mango-apricot Yogurt 100g,650.00 
Almarai Full Cream Yoghurt 500g,2000.00 
Cottage Foods Plain Yugurt Cup 450g,230.00 
Millac Raita Podina 250gm,160.00 
Bauer Fru Fru Raspberry Fruit Yoghurt 100g,570.00 
Almarai Greek Yogurt Plain150g,1145.00 
Dayfresh Mast Dahi Cup 400g,250.00 
Elle & Vire Mon Grec Dessert,950.00 
Almarai Laban Low Fat 1ltr,3280.00 
Fage Total Blueberry Yogurt 170g,2275.00 
Almarai Strawberry Greek Style Yoghurt 150g,1150.00 
Adam's Mint Raita 200g,130.00 
Movenpick Mango-vanilla Greek Style Yogurt 100g,650.00 
Almarai Full-fat Fresh Yoghurt 170g,690.00 
Millac Fruit Blueberry Yogurt 250g,220.00 
Almarai Fresh Yoghurt Full Fat 170g,670.00 
Movenpick Forest Fruit Greek Style Yogurt 100g,650.00 
Nada Greek Yoghurt Low Fat Plain 160g,1260.00 
Harvest Pure Unsalted Butter 500g,2050.00 
Millac Butter Salted 100gm,270.00 
Flora Original Margerine 500g,1150.00 
Flora Original Margarine 250g,500.00 
Almarai Natural Butter - Unsalted 200g,2850.00 
Nestle Milk Pak Butter Unsalted 200g,550.00 
Elle & Vire Unsalted Butter 200g,3150.00 
Nurpur Butter Salted 100g,400.00 
Blue Band Margarine Spread 90g,200.00 
Nurpur Butter Salted 50g,260.00 
Nestle Milk Pak Dairy Butter Salted 100g,300.00 
Lurpak Butter Unsalted 200g,1210.00 
Millac Butter Unsalted 100gm,270.00 
Lurpak Slightly Salted Butter 500g,2700.00 
Fresh St Australian Butter Unsalted 100g,380.00 
Fresh St Australian Butter Salted 200g,720.00 
Nestle Milk Pak Dairy Butter Salted 200g,550.00 
Blue Band Margarine Spread Economy Pack 650g,1050.00 
Adam's Salted Butter 200g,590.00 
Lurpak Butter 10gx10pcs,660.00 
Adams Butter Salted 100g,325.00 
Nurpur Butter Unsalted 200gm,750.00 
Mumtaz Margarine Spreadable Tub 500g,960.00 
Adams Butter Salted 50g,195.00 
Almarai Natural Butter - Unsalted 100g,1125.00 
Fresh St Australian Butter Unsalted 200g,720.00 
Preema Butter Unsalted 190g,630.00 
Olive Grove Lite Margarine 500g,1750.00 
Almarai Natural Butter - Unsalted 400g,3565.00 
Dayfresh Salted Butter 200g,600.00 
Lurpak Butter Unsalted 400g,2350.00 
Fresh St Australian Butter Salted 100g,460.00 
Millac Butter Unsalted 200gm,490.00 
Blue Band Margarine Spread 180g,320.00 
Harvest Pure Unsalted Butter 200g,850.00 
Millac Salted Butter 50g,160.00 
Almarai Natural Butter Salted 200g,2850.00 
Blue Band Margarine Spread Tub 475g,880.00 
Elle & Vire Butter Salted 200g,3100.00 
Fresh St Garlic & Herb Butter 100g,1425.00 
Nurpur Slightly Salted Butter 200g,750.00 
Mumtaz Margerine 250g Tub,510.00 
President 0% Fat 10 Slice 200g,2350.00 
Millac Butter Salted 200gm,490.00 
Colman's Mint Sauce 165g,900.00 
Olive Grove Extra Virgin Margarine 375g,1570.00 
Lurpak Salted Butter 100g,660.00 
Blue Band Margarine Spread 25g,50.00 
Lurpak Butter Salted 200g,1210.00 
Nurpur Butter Salted 200g,750.00 
Springs Mutton Liver / KG,1400.00 
Springs Mutton Neck /KG,2600.00 
Springs Beef Boneless / KG,1700.00 
Springs Mutton Whole / KG,2600.00 
Springs Chicken Tikka / KG,1150.00 
Springs Chicken Skin Less Whole / KG,990.00 
Springs Mutton Front Chops / KG,2600.00 
Springs Mutton Shanks / KG,2600.00 
Springs Mutton Mince (KG),2600.00 
Springs Lean Beef,2000.00 
Springs Chicken Skin Whole/KG,990.00 
Springs Beef Under Cut/KG,3200.00 
Springs Mutton Shoulder / KG,2600.00 
Springs Mutton Back Chops / KG,2600.00 
Springs Chicken Boneless / KG,1350.00 
Bake Parlor Bread Small Milky,110.00 
Appie Vitamin D Eggs 12s,310.00 
Appie Farms Classic Egg 12s,265.00 
Bake Parlor Cake Rusk,490.00 
Appie Omega3 Eggs 12s,350.00 
Dawn Bread Tortilla Wrap 5pcs,180.00 
Appie Farms Classic Egg 6s,135.00 
Appie Vitamin D Eggs 6s,160.00 
Bake Parlor Bread Small,110.00 
Dawn Bread Small Milky,120.00 
Desi Pakistan Organic Eggs 6s,245.00 
Dawn Bread Fortified Small,110.00 
Appie Classic Xtra Large Eggs 12s,270.00 
Navaal Desi Eggs 6s,540.00 
Henday Omega 3 Eggs 6s,260.00 
Appie Omega 3 Eggs 6s,175.00 
Bake Parlor Bread Large,210.00 
Dawn Bread Crumbs 200g,130.00 
Appie Classic Extra Large Eggs 6s,140.00 
